axe,date_voyage,horizon,n_ouvert,ferme,n_ferme,rouvre
ATLANTIQUE,2026-09-01,1,1803,65,252,80
ATLANTIQUE,2026-09-02,1,1889,25,170,72
ATLANTIQUE,2026-09-02,2,1852,3,207,40
ATLANTIQUE,2026-09-03,1,1646,94,412,72
ATLANTIQUE,2026-09-03,2,1612,43,446,77
ATLANTIQUE,2026-09-03,3,1563,37,495,86
ATLANTIQUE,2026-09-04,1,1632,82,771,221
ATLANTIQUE,2026-09-04,2,1704,212,699,140
ATLANTIQUE,2026-09-04,3,1614,120,789,210
ATLANTIQUE,2026-09-04,4,772,0,1631,842
ATLANTIQUE,2026-09-05,1,1481,78,261,17
ATLANTIQUE,2026-09-05,2,1498,65,263,67
ATLANTIQUE,2026-09-05,3,1541,90,220,47
ATLANTIQUE,2026-09-05,4,921,0,840,620
ATLANTIQUE,2026-09-05,5,809,40,952,152
ATLANTIQUE,2026-09-06,1,1129,37,998,106
ATLANTIQUE,2026-09-06,2,1109,68,1018,88
ATLANTIQUE,2026-09-06,3,1054,77,1073,132
ATLANTIQUE,2026-09-06,4,551,1,1576,504
ATLANTIQUE,2026-09-06,5,477,46,1650,120
ATLANTIQUE,2026-09-06,6,482,45,1645,40
ATLANTIQUE,2026-09-07,1,1551,7,483,145
ATLANTIQUE,2026-09-07,2,1436,53,599,169
ATLANTIQUE,2026-09-07,3,1446,63,589,53
ATLANTIQUE,2026-09-07,4,847,6,1188,605
ATLANTIQUE,2026-09-07,5,799,17,1236,65
ATLANTIQUE,2026-09-07,6,737,14,1298,76
ATLANTIQUE,2026-09-07,7,664,0,1371,73
ATLANTIQUE,2026-09-08,1,1810,25,245,48
ATLANTIQUE,2026-09-08,2,1755,2,300,57
ATLANTIQUE,2026-09-08,3,1691,30,364,94
ATLANTIQUE,2026-09-08,4,1126,0,929,565
ATLANTIQUE,2026-09-08,5,1012,79,1043,193
ATLANTIQUE,2026-09-08,6,975,87,1080,124
ATLANTIQUE,2026-09-08,7,925,71,1130,121
ATLANTIQUE,2026-09-08,8,852,13,1203,86
ATLANTIQUE,2026-09-09,1,1806,25,249,10
ATLANTIQUE,2026-09-09,2,1846,63,209,23
ATLANTIQUE,2026-09-09,3,1741,7,314,112
ATLANTIQUE,2026-09-09,4,1172,0,883,569
ATLANTIQUE,2026-09-09,5,1100,29,955,101
ATLANTIQUE,2026-09-09,6,971,21,1084,150
ATLANTIQUE,2026-09-09,7,1006,127,1049,92
ATLANTIQUE,2026-09-09,8,915,15,1140,106
ATLANTIQUE,2026-09-09,9,890,16,1165,41
ATLANTIQUE,2026-09-10,1,1394,33,665,128
ATLANTIQUE,2026-09-10,2,1414,88,645,68
ATLANTIQUE,2026-09-10,3,1414,62,645,62
ATLANTIQUE,2026-09-10,4,827,0,1232,587
ATLANTIQUE,2026-09-10,5,793,31,1266,65
ATLANTIQUE,2026-09-10,6,594,3,1465,202
ATLANTIQUE,2026-09-10,7,611,69,1448,52
ATLANTIQUE,2026-09-10,8,568,54,1491,97
ATLANTIQUE,2026-09-10,9,575,51,1484,44
ATLANTIQUE,2026-09-10,10,575,43,1484,43
ATLANTIQUE,2026-09-11,1,1373,90,1028,173
ATLANTIQUE,2026-09-11,2,1367,151,1034,157
ATLANTIQUE,2026-09-11,3,1321,54,1080,100
ATLANTIQUE,2026-09-11,4,676,0,1725,645
ATLANTIQUE,2026-09-11,5,616,8,1785,68
ATLANTIQUE,2026-09-11,6,630,44,1771,30
ATLANTIQUE,2026-09-11,7,571,45,1830,104
ATLANTIQUE,2026-09-11,8,487,15,1914,99
ATLANTIQUE,2026-09-11,9,465,39,1936,61
ATLANTIQUE,2026-09-11,10,432,69,1969,102
ATLANTIQUE,2026-09-11,11,375,18,2026,75
ATLANTIQUE,2026-09-12,1,1565,55,233,83
ATLANTIQUE,2026-09-12,2,1577,36,239,42
ATLANTIQUE,2026-09-12,3,1562,30,254,45
ATLANTIQUE,2026-09-12,4,839,3,977,726
ATLANTIQUE,2026-09-12,5,788,76,1028,127
ATLANTIQUE,2026-09-12,6,708,55,1108,135
ATLANTIQUE,2026-09-12,7,606,65,1210,167
ATLANTIQUE,2026-09-12,8,476,31,1340,161
ATLANTIQUE,2026-09-12,9,473,33,1343,36
ATLANTIQUE,2026-09-12,10,546,148,1270,75
ATLANTIQUE,2026-09-12,11,547,61,1269,60
ATLANTIQUE,2026-09-12,12,344,26,1472,229
ATLANTIQUE,2026-09-13,2,967,32,1160,121
ATLANTIQUE,2026-09-13,3,970,79,1157,76
ATLANTIQUE,2026-09-13,4,545,0,1582,425
ATLANTIQUE,2026-09-13,5,502,32,1625,75
ATLANTIQUE,2026-09-13,6,504,36,1623,34
ATLANTIQUE,2026-09-13,7,394,0,1733,110
ATLANTIQUE,2026-09-13,8,336,12,1791,70
ATLANTIQUE,2026-09-13,9,254,15,1873,97
ATLANTIQUE,2026-09-13,10,243,29,1884,40
ATLANTIQUE,2026-09-13,11,246,45,1881,42
ATLANTIQUE,2026-09-13,12,202,0,1925,44
ATLANTIQUE,2026-09-13,13,181,10,1946,31
ATLANTIQUE,2026-09-14,3,1144,43,784,120
ATLANTIQUE,2026-09-14,4,733,0,1195,411
ATLANTIQUE,2026-09-14,5,734,35,1194,34
ATLANTIQUE,2026-09-14,6,700,16,1228,50
ATLANTIQUE,2026-09-14,7,637,0,1291,63
ATLANTIQUE,2026-09-14,8,543,0,1385,94
ATLANTIQUE,2026-09-14,9,536,3,1392,10
ATLANTIQUE,2026-09-14,10,488,16,1440,64
ATLANTIQUE,2026-09-14,11,466,21,1462,43
ATLANTIQUE,2026-09-14,12,268,21,1660,219
ATLANTIQUE,2026-09-14,13,253,2,1675,17
ATLANTIQUE,2026-09-14,14,232,0,1698,23
ATLANTIQUE,2026-09-15,4,774,0,1174,630
ATLANTIQUE,2026-09-15,5,766,37,1182,45
ATLANTIQUE,2026-09-15,6,699,36,1249,103
ATLANTIQUE,2026-09-15,7,682,49,1266,66
ATLANTIQUE,2026-09-15,8,643,19,1305,58
ATLANTIQUE,2026-09-15,9,600,8,1348,51
ATLANTIQUE,2026-09-15,10,582,32,1366,50
ATLANTIQUE,2026-09-15,11,573,19,1375,28
ATLANTIQUE,2026-09-15,12,380,2,1568,195
ATLANTIQUE,2026-09-15,13,400,43,1548,23
ATLANTIQUE,2026-09-15,14,409,16,1539,7
ATLANTIQUE,2026-09-15,15,367,3,1583,47
ATLANTIQUE,2026-09-16,5,852,43,1084,58
ATLANTIQUE,2026-09-16,6,776,34,1160,110
ATLANTIQUE,2026-09-16,7,685,45,1251,136
ATLANTIQUE,2026-09-16,8,607,29,1329,107
ATLANTIQUE,2026-09-16,9,599,42,1337,50
ATLANTIQUE,2026-09-16,10,565,0,1371,34
ATLANTIQUE,2026-09-16,11,525,16,1411,56
ATLANTIQUE,2026-09-16,12,359,6,1577,172
ATLANTIQUE,2026-09-16,13,296,0,1640,63
ATLANTIQUE,2026-09-16,14,352,68,1584,12
ATLANTIQUE,2026-09-16,15,339,14,1597,27
ATLANTIQUE,2026-09-16,16,351,16,1587,6
ATLANTIQUE,2026-09-17,6,548,43,1392,96
ATLANTIQUE,2026-09-17,7,561,36,1379,23
ATLANTIQUE,2026-09-17,8,508,15,1432,68
ATLANTIQUE,2026-09-17,9,470,16,1470,54
ATLANTIQUE,2026-09-17,10,445,10,1495,35
ATLANTIQUE,2026-09-17,11,429,9,1511,25
ATLANTIQUE,2026-09-17,12,289,0,1651,140
ATLANTIQUE,2026-09-17,13,296,24,1644,17
ATLANTIQUE,2026-09-17,14,262,0,1678,34
ATLANTIQUE,2026-09-17,15,274,43,1666,31
ATLANTIQUE,2026-09-17,16,246,0,1694,28
ATLANTIQUE,2026-09-17,17,245,0,1697,3
ATLANTIQUE,2026-09-18,7,521,17,1772,38
ATLANTIQUE,2026-09-18,8,490,13,1803,44
ATLANTIQUE,2026-09-18,9,469,16,1824,37
ATLANTIQUE,2026-09-18,10,412,7,1881,64
ATLANTIQUE,2026-09-18,11,391,16,1902,37
ATLANTIQUE,2026-09-18,12,243,0,2050,148
ATLANTIQUE,2026-09-18,13,221,3,2072,25
ATLANTIQUE,2026-09-18,14,221,17,2072,17
ATLANTIQUE,2026-09-18,15,198,0,2095,23
ATLANTIQUE,2026-09-18,16,167,2,2126,33
ATLANTIQUE,2026-09-18,17,162,3,2131,8
ATLANTIQUE,2026-09-18,18,159,0,2136,3
ATLANTIQUE,2026-09-19,8,501,36,1326,88
ATLANTIQUE,2026-09-19,9,455,26,1372,72
ATLANTIQUE,2026-09-19,10,388,16,1439,83
ATLANTIQUE,2026-09-19,11,353,38,1474,73
ATLANTIQUE,2026-09-19,12,230,32,1597,155
ATLANTIQUE,2026-09-19,13,228,10,1599,12
ATLANTIQUE,2026-09-19,14,211,21,1616,38
ATLANTIQUE,2026-09-19,15,149,13,1678,75
ATLANTIQUE,2026-09-19,16,148,0,1679,1
ATLANTIQUE,2026-09-19,17,279,131,1548,0
ATLANTIQUE,2026-09-19,18,285,12,1542,6
ATLANTIQUE,2026-09-19,19,285,0,1542,0
ATLANTIQUE,2026-09-20,9,335,6,1792,24
ATLANTIQUE,2026-09-20,10,296,5,1831,44
ATLANTIQUE,2026-09-20,11,285,0,1842,11
ATLANTIQUE,2026-09-20,12,214,6,1913,77
ATLANTIQUE,2026-09-20,13,194,0,1933,20
ATLANTIQUE,2026-09-20,14,194,0,1933,0
ATLANTIQUE,2026-09-20,15,202,16,1925,8
ATLANTIQUE,2026-09-20,16,179,0,1948,23
ATLANTIQUE,2026-09-20,17,171,3,1956,11
ATLANTIQUE,2026-09-20,18,200,44,1927,15
ATLANTIQUE,2026-09-20,19,198,4,1929,6
ATLANTIQUE,2026-09-20,20,185,0,1942,13
ATLANTIQUE,2026-09-21,10,523,19,1419,30
ATLANTIQUE,2026-09-21,11,492,3,1450,34
ATLANTIQUE,2026-09-21,12,361,0,1581,131
ATLANTIQUE,2026-09-21,13,350,3,1592,14
ATLANTIQUE,2026-09-21,14,327,13,1615,36
ATLANTIQUE,2026-09-21,15,291,0,1651,36
ATLANTIQUE,2026-09-21,16,294,3,1648,0
ATLANTIQUE,2026-09-21,17,288,0,1654,6
ATLANTIQUE,2026-09-21,18,298,10,1644,0
ATLANTIQUE,2026-09-21,19,304,21,1638,15
ATLANTIQUE,2026-09-21,20,274,0,1668,30
ATLANTIQUE,2026-09-21,21,264,0,1680,12
ATLANTIQUE,2026-09-22,11,592,9,1365,57
ATLANTIQUE,2026-09-22,12,413,0,1544,179
ATLANTIQUE,2026-09-22,13,380,2,1577,35
ATLANTIQUE,2026-09-22,14,380,6,1577,6
ATLANTIQUE,2026-09-22,15,330,1,1627,51
ATLANTIQUE,2026-09-22,16,332,6,1625,4
ATLANTIQUE,2026-09-22,17,332,0,1625,0
ATLANTIQUE,2026-09-22,18,319,7,1638,20
ATLANTIQUE,2026-09-22,19,321,11,1636,9
ATLANTIQUE,2026-09-22,20,405,87,1552,3
ATLANTIQUE,2026-09-22,21,394,1,1563,12
ATLANTIQUE,2026-09-22,22,393,0,1566,3
ATLANTIQUE,2026-09-23,12,431,0,1526,188
ATLANTIQUE,2026-09-23,13,405,3,1552,29
ATLANTIQUE,2026-09-23,14,408,18,1549,15
ATLANTIQUE,2026-09-23,15,349,2,1608,61
ATLANTIQUE,2026-09-23,16,307,0,1650,42
ATLANTIQUE,2026-09-23,17,305,3,1652,5
ATLANTIQUE,2026-09-23,18,305,0,1652,0
ATLANTIQUE,2026-09-23,19,311,21,1646,15
ATLANTIQUE,2026-09-23,20,316,14,1641,9
ATLANTIQUE,2026-09-23,21,345,38,1612,9
ATLANTIQUE,2026-09-23,22,336,0,1621,9
ATLANTIQUE,2026-09-23,23,333,0,1626,5
ATLANTIQUE,2026-09-24,13,310,0,1646,29
ATLANTIQUE,2026-09-24,14,303,0,1653,7
ATLANTIQUE,2026-09-24,15,292,10,1664,21
ATLANTIQUE,2026-09-24,16,286,2,1670,8
ATLANTIQUE,2026-09-24,17,257,4,1699,33
ATLANTIQUE,2026-09-24,18,250,3,1706,10
ATLANTIQUE,2026-09-24,19,249,0,1707,1
ATLANTIQUE,2026-09-24,20,247,15,1709,17
ATLANTIQUE,2026-09-24,21,242,7,1714,12
ATLANTIQUE,2026-09-24,22,258,26,1698,10
ATLANTIQUE,2026-09-24,23,240,0,1716,18
ATLANTIQUE,2026-09-24,24,244,5,1714,3
ATLANTIQUE,2026-09-25,14,216,0,2086,19
ATLANTIQUE,2026-09-25,15,184,0,2118,32
ATLANTIQUE,2026-09-25,16,182,0,2120,2
ATLANTIQUE,2026-09-25,17,161,5,2141,26
ATLANTIQUE,2026-09-25,18,125,0,2177,36
ATLANTIQUE,2026-09-25,19,119,0,2183,6
ATLANTIQUE,2026-09-25,20,114,0,2188,5
ATLANTIQUE,2026-09-25,21,104,11,2198,21
ATLANTIQUE,2026-09-25,22,97,0,2205,7
ATLANTIQUE,2026-09-25,23,95,0,2207,2
ATLANTIQUE,2026-09-25,24,86,0,2214,9
ATLANTIQUE,2026-09-25,25,79,0,2223,7
ATLANTIQUE,2026-09-26,15,189,0,1638,32
ATLANTIQUE,2026-09-26,16,196,10,1631,3
ATLANTIQUE,2026-09-26,17,189,3,1638,10
ATLANTIQUE,2026-09-26,18,175,0,1652,14
ATLANTIQUE,2026-09-26,19,172,0,1655,3
ATLANTIQUE,2026-09-26,20,175,4,1652,1
ATLANTIQUE,2026-09-26,21,168,0,1659,7
ATLANTIQUE,2026-09-26,22,168,0,1659,0
ATLANTIQUE,2026-09-26,23,161,8,1666,15
ATLANTIQUE,2026-09-26,24,267,110,1560,4
ATLANTIQUE,2026-09-26,25,248,0,1579,19
ATLANTIQUE,2026-09-26,26,233,6,1594,21
ATLANTIQUE,2026-09-27,16,128,0,1999,6
ATLANTIQUE,2026-09-27,17,119,3,2008,12
ATLANTIQUE,2026-09-27,18,112,3,2015,10
ATLANTIQUE,2026-09-27,19,112,0,2015,0
ATLANTIQUE,2026-09-27,20,111,0,2016,1
ATLANTIQUE,2026-09-27,21,108,0,2019,3
ATLANTIQUE,2026-09-27,22,104,0,2023,4
ATLANTIQUE,2026-09-27,23,104,0,2023,0
ATLANTIQUE,2026-09-27,24,98,0,2029,6
ATLANTIQUE,2026-09-27,25,133,38,1994,3
ATLANTIQUE,2026-09-27,26,127,0,1990,6
ATLANTIQUE,2026-09-27,27,122,0,1993,5
ATLANTIQUE,2026-09-28,17,241,5,1714,5
ATLANTIQUE,2026-09-28,18,241,6,1714,6
ATLANTIQUE,2026-09-28,19,238,0,1717,3
ATLANTIQUE,2026-09-28,20,212,0,1743,26
ATLANTIQUE,2026-09-28,21,197,0,1758,15
ATLANTIQUE,2026-09-28,22,197,0,1758,0
ATLANTIQUE,2026-09-28,23,194,0,1761,3
ATLANTIQUE,2026-09-28,24,204,10,1751,0
ATLANTIQUE,2026-09-28,25,195,1,1760,10
ATLANTIQUE,2026-09-28,26,275,82,1680,2
ATLANTIQUE,2026-09-28,27,263,0,1687,12
ATLANTIQUE,2026-09-28,28,263,1,1689,3
ATLANTIQUE,2026-09-29,18,345,2,1625,25
ATLANTIQUE,2026-09-29,19,341,4,1629,8
ATLANTIQUE,2026-09-29,20,341,0,1629,0
ATLANTIQUE,2026-09-29,21,330,0,1640,11
ATLANTIQUE,2026-09-29,22,327,7,1643,10
ATLANTIQUE,2026-09-29,23,327,0,1643,0
ATLANTIQUE,2026-09-29,24,325,0,1645,2
ATLANTIQUE,2026-09-29,25,306,0,1664,19
ATLANTIQUE,2026-09-29,26,310,15,1660,11
ATLANTIQUE,2026-09-29,27,475,168,1495,3
ATLANTIQUE,2026-09-29,28,500,25,1470,0
ATLANTIQUE,2026-09-29,29,464,0,1508,38
ATLANTIQUE,2026-09-30,19,296,0,1679,13
ATLANTIQUE,2026-09-30,20,291,0,1684,5
ATLANTIQUE,2026-09-30,21,285,0,1690,6
ATLANTIQUE,2026-09-30,22,285,6,1690,6
ATLANTIQUE,2026-09-30,23,290,9,1685,4
ATLANTIQUE,2026-09-30,24,283,0,1692,7
ATLANTIQUE,2026-09-30,25,283,0,1692,0
ATLANTIQUE,2026-09-30,26,272,0,1703,11
ATLANTIQUE,2026-09-30,27,277,5,1698,0
ATLANTIQUE,2026-09-30,28,387,111,1588,1
ATLANTIQUE,2026-09-30,29,378,1,1597,10
ATLANTIQUE,2026-09-30,30,0,0,1977,380
ATLANTIQUE,2026-10-01,20,246,7,1728,27
ATLANTIQUE,2026-10-01,21,233,0,1741,13
ATLANTIQUE,2026-10-01,22,227,0,1747,6
ATLANTIQUE,2026-10-01,23,226,6,1748,7
ATLANTIQUE,2026-10-01,24,223,6,1751,9
ATLANTIQUE,2026-10-01,25,223,3,1751,3
ATLANTIQUE,2026-10-01,26,224,3,1750,2
ATLANTIQUE,2026-10-01,27,229,5,1745,0
ATLANTIQUE,2026-10-01,28,253,27,1721,3
ATLANTIQUE,2026-10-01,29,390,138,1584,1
ATLANTIQUE,2026-10-01,30,0,0,1974,390
ATLANTIQUE,2026-10-02,21,161,0,2154,11
ATLANTIQUE,2026-10-02,22,149,3,2166,15
ATLANTIQUE,2026-10-02,23,151,10,2162,8
ATLANTIQUE,2026-10-02,24,148,0,2165,3
ATLANTIQUE,2026-10-02,25,110,0,2203,38
ATLANTIQUE,2026-10-02,26,104,3,2209,9
ATLANTIQUE,2026-10-02,27,104,0,2209,0
ATLANTIQUE,2026-10-02,28,111,10,2202,3
ATLANTIQUE,2026-10-02,29,84,0,2229,27
ATLANTIQUE,2026-10-02,30,0,0,2313,84
ATLANTIQUE,2026-10-03,22,208,0,1485,0
ATLANTIQUE,2026-10-03,23,220,13,1473,1
ATLANTIQUE,2026-10-03,24,220,0,1473,0
ATLANTIQUE,2026-10-03,25,220,0,1473,0
ATLANTIQUE,2026-10-03,26,220,0,1473,0
ATLANTIQUE,2026-10-03,27,216,6,1477,10
ATLANTIQUE,2026-10-03,28,237,21,1456,0
ATLANTIQUE,2026-10-03,29,201,6,1492,42
ATLANTIQUE,2026-10-03,30,0,0,1693,201
ATLANTIQUE,2026-10-04,23,97,1,1970,19
ATLANTIQUE,2026-10-04,24,98,1,1969,0
ATLANTIQUE,2026-10-04,25,108,13,1948,3
ATLANTIQUE,2026-10-04,26,106,3,1950,5
ATLANTIQUE,2026-10-04,27,88,1,1968,19
ATLANTIQUE,2026-10-04,28,85,3,1971,6
ATLANTIQUE,2026-10-04,29,95,16,1961,6
ATLANTIQUE,2026-10-04,30,0,0,2056,95
ATLANTIQUE,2026-10-05,24,225,6,1771,12
ATLANTIQUE,2026-10-05,25,234,13,1762,4
ATLANTIQUE,2026-10-05,26,236,10,1755,8
ATLANTIQUE,2026-10-05,27,236,0,1755,0
ATLANTIQUE,2026-10-05,28,215,1,1776,22
ATLANTIQUE,2026-10-05,29,218,3,1773,0
ATLANTIQUE,2026-10-05,30,0,0,1991,218
ATLANTIQUE,2026-10-06,25,289,4,1722,35
ATLANTIQUE,2026-10-06,26,274,6,1737,21
ATLANTIQUE,2026-10-06,27,267,0,1744,7
ATLANTIQUE,2026-10-06,28,250,0,1761,17
ATLANTIQUE,2026-10-06,29,244,0,1767,6
ATLANTIQUE,2026-10-06,30,0,0,2011,244
ATLANTIQUE,2026-10-07,26,293,11,1719,0
ATLANTIQUE,2026-10-07,27,287,6,1725,12
ATLANTIQUE,2026-10-07,28,281,0,1731,6
ATLANTIQUE,2026-10-07,29,278,0,1734,3
ATLANTIQUE,2026-10-07,30,0,0,2012,278
ATLANTIQUE,2026-10-08,27,262,1,1749,8
ATLANTIQUE,2026-10-08,28,247,0,1764,15
ATLANTIQUE,2026-10-08,29,244,0,1767,3
ATLANTIQUE,2026-10-08,30,0,0,2011,244
ATLANTIQUE,2026-10-09,28,87,0,2271,16
ATLANTIQUE,2026-10-09,29,86,0,2272,1
ATLANTIQUE,2026-10-09,30,0,0,2355,86
ATLANTIQUE,2026-10-10,29,224,10,1603,0
ATLANTIQUE,2026-10-10,30,0,0,1827,224
ATLANTIQUE,2026-10-11,30,0,0,2086,85
AUTOCAR SNCF,2026-09-01,1,0,0,447,0
AUTOCAR SNCF,2026-09-02,1,0,0,447,0
AUTOCAR SNCF,2026-09-02,2,0,0,447,0
AUTOCAR SNCF,2026-09-03,1,0,0,447,0
AUTOCAR SNCF,2026-09-03,2,0,0,447,0
AUTOCAR SNCF,2026-09-03,3,0,0,447,0
AUTOCAR SNCF,2026-09-04,1,0,0,449,0
AUTOCAR SNCF,2026-09-04,2,0,0,449,0
AUTOCAR SNCF,2026-09-04,3,0,0,449,0
AUTOCAR SNCF,2026-09-04,4,0,0,449,0
AUTOCAR SNCF,2026-09-05,1,0,0,447,0
AUTOCAR SNCF,2026-09-05,2,0,0,447,0
AUTOCAR SNCF,2026-09-05,3,0,0,447,0
AUTOCAR SNCF,2026-09-05,4,0,0,447,0
AUTOCAR SNCF,2026-09-05,5,0,0,447,0
AUTOCAR SNCF,2026-09-06,1,0,0,376,0
AUTOCAR SNCF,2026-09-06,2,0,0,376,0
AUTOCAR SNCF,2026-09-06,3,0,0,376,0
AUTOCAR SNCF,2026-09-06,4,0,0,376,0
AUTOCAR SNCF,2026-09-06,5,0,0,376,0
AUTOCAR SNCF,2026-09-06,6,0,0,376,0
AUTOCAR SNCF,2026-09-07,1,0,0,451,0
AUTOCAR SNCF,2026-09-07,2,0,0,451,0
AUTOCAR SNCF,2026-09-07,3,0,0,451,0
AUTOCAR SNCF,2026-09-07,4,0,0,451,0
AUTOCAR SNCF,2026-09-07,5,0,0,451,0
AUTOCAR SNCF,2026-09-07,6,0,0,451,0
AUTOCAR SNCF,2026-09-07,7,0,0,451,0
AUTOCAR SNCF,2026-09-08,1,0,0,449,0
AUTOCAR SNCF,2026-09-08,2,0,0,449,0
AUTOCAR SNCF,2026-09-08,3,0,0,449,0
AUTOCAR SNCF,2026-09-08,4,0,0,449,0
AUTOCAR SNCF,2026-09-08,5,0,0,449,0
AUTOCAR SNCF,2026-09-08,6,0,0,449,0
AUTOCAR SNCF,2026-09-08,7,0,0,449,0
AUTOCAR SNCF,2026-09-08,8,0,0,449,0
AUTOCAR SNCF,2026-09-09,1,0,0,449,0
AUTOCAR SNCF,2026-09-09,2,0,0,449,0
AUTOCAR SNCF,2026-09-09,3,0,0,449,0
AUTOCAR SNCF,2026-09-09,4,0,0,449,0
AUTOCAR SNCF,2026-09-09,5,0,0,449,0
AUTOCAR SNCF,2026-09-09,6,0,0,449,0
AUTOCAR SNCF,2026-09-09,7,0,0,449,0
AUTOCAR SNCF,2026-09-09,8,0,0,449,0
AUTOCAR SNCF,2026-09-09,9,0,0,449,0
AUTOCAR SNCF,2026-09-10,1,0,0,449,0
AUTOCAR SNCF,2026-09-10,2,0,0,449,0
AUTOCAR SNCF,2026-09-10,3,0,0,449,0
AUTOCAR SNCF,2026-09-10,4,0,0,449,0
AUTOCAR SNCF,2026-09-10,5,0,0,449,0
AUTOCAR SNCF,2026-09-10,6,0,0,449,0
AUTOCAR SNCF,2026-09-10,7,0,0,449,0
AUTOCAR SNCF,2026-09-10,8,0,0,449,0
AUTOCAR SNCF,2026-09-10,9,0,0,449,0
AUTOCAR SNCF,2026-09-10,10,0,0,449,0
AUTOCAR SNCF,2026-09-11,1,0,0,451,0
AUTOCAR SNCF,2026-09-11,2,0,0,451,0
AUTOCAR SNCF,2026-09-11,3,0,0,451,0
AUTOCAR SNCF,2026-09-11,4,0,0,451,0
AUTOCAR SNCF,2026-09-11,5,0,0,451,0
AUTOCAR SNCF,2026-09-11,6,0,0,451,0
AUTOCAR SNCF,2026-09-11,7,0,0,451,0
AUTOCAR SNCF,2026-09-11,8,0,0,451,0
AUTOCAR SNCF,2026-09-11,9,0,0,451,0
AUTOCAR SNCF,2026-09-11,10,0,0,451,0
AUTOCAR SNCF,2026-09-11,11,0,0,451,0
AUTOCAR SNCF,2026-09-12,1,0,0,447,0
AUTOCAR SNCF,2026-09-12,2,0,0,447,0
AUTOCAR SNCF,2026-09-12,3,0,0,447,0
AUTOCAR SNCF,2026-09-12,4,0,0,447,0
AUTOCAR SNCF,2026-09-12,5,0,0,447,0
AUTOCAR SNCF,2026-09-12,6,0,0,447,0
AUTOCAR SNCF,2026-09-12,7,0,0,447,0
AUTOCAR SNCF,2026-09-12,8,0,0,447,0
AUTOCAR SNCF,2026-09-12,9,0,0,447,0
AUTOCAR SNCF,2026-09-12,10,0,0,447,0
AUTOCAR SNCF,2026-09-12,11,0,0,447,0
AUTOCAR SNCF,2026-09-12,12,0,0,447,0
AUTOCAR SNCF,2026-09-13,2,0,0,376,0
AUTOCAR SNCF,2026-09-13,3,0,0,376,0
AUTOCAR SNCF,2026-09-13,4,0,0,376,0
AUTOCAR SNCF,2026-09-13,5,0,0,376,0
AUTOCAR SNCF,2026-09-13,6,0,0,376,0
AUTOCAR SNCF,2026-09-13,7,0,0,376,0
AUTOCAR SNCF,2026-09-13,8,0,0,376,0
AUTOCAR SNCF,2026-09-13,9,0,0,376,0
AUTOCAR SNCF,2026-09-13,10,0,0,376,0
AUTOCAR SNCF,2026-09-13,11,0,0,376,0
AUTOCAR SNCF,2026-09-13,12,0,0,376,0
AUTOCAR SNCF,2026-09-13,13,0,0,376,0
AUTOCAR SNCF,2026-09-14,3,0,0,457,0
AUTOCAR SNCF,2026-09-14,4,0,0,457,0
AUTOCAR SNCF,2026-09-14,5,0,0,457,0
AUTOCAR SNCF,2026-09-14,6,0,0,457,0
AUTOCAR SNCF,2026-09-14,7,0,0,457,0
AUTOCAR SNCF,2026-09-14,8,0,0,457,0
AUTOCAR SNCF,2026-09-14,9,0,0,457,0
AUTOCAR SNCF,2026-09-14,10,0,0,457,0
AUTOCAR SNCF,2026-09-14,11,0,0,457,0
AUTOCAR SNCF,2026-09-14,12,0,0,457,0
AUTOCAR SNCF,2026-09-14,13,0,0,457,0
AUTOCAR SNCF,2026-09-14,14,0,0,457,0
AUTOCAR SNCF,2026-09-15,4,0,0,455,0
AUTOCAR SNCF,2026-09-15,5,0,0,455,0
AUTOCAR SNCF,2026-09-15,6,0,0,455,0
AUTOCAR SNCF,2026-09-15,7,0,0,455,0
AUTOCAR SNCF,2026-09-15,8,0,0,455,0
AUTOCAR SNCF,2026-09-15,9,0,0,455,0
AUTOCAR SNCF,2026-09-15,10,0,0,455,0
AUTOCAR SNCF,2026-09-15,11,0,0,455,0
AUTOCAR SNCF,2026-09-15,12,0,0,455,0
AUTOCAR SNCF,2026-09-15,13,0,0,455,0
AUTOCAR SNCF,2026-09-15,14,0,0,455,0
AUTOCAR SNCF,2026-09-15,15,0,0,455,0
AUTOCAR SNCF,2026-09-16,5,0,0,455,0
AUTOCAR SNCF,2026-09-16,6,0,0,455,0
AUTOCAR SNCF,2026-09-16,7,0,0,455,0
AUTOCAR SNCF,2026-09-16,8,0,0,455,0
AUTOCAR SNCF,2026-09-16,9,0,0,455,0
AUTOCAR SNCF,2026-09-16,10,0,0,455,0
AUTOCAR SNCF,2026-09-16,11,0,0,455,0
AUTOCAR SNCF,2026-09-16,12,0,0,455,0
AUTOCAR SNCF,2026-09-16,13,0,0,455,0
AUTOCAR SNCF,2026-09-16,14,0,0,455,0
AUTOCAR SNCF,2026-09-16,15,0,0,455,0
AUTOCAR SNCF,2026-09-16,16,0,0,455,0
AUTOCAR SNCF,2026-09-17,6,0,0,461,0
AUTOCAR SNCF,2026-09-17,7,0,0,461,0
AUTOCAR SNCF,2026-09-17,8,0,0,461,0
AUTOCAR SNCF,2026-09-17,9,0,0,461,0
AUTOCAR SNCF,2026-09-17,10,0,0,461,0
AUTOCAR SNCF,2026-09-17,11,0,0,461,0
AUTOCAR SNCF,2026-09-17,12,0,0,461,0
AUTOCAR SNCF,2026-09-17,13,0,0,461,0
AUTOCAR SNCF,2026-09-17,14,0,0,461,0
AUTOCAR SNCF,2026-09-17,15,0,0,461,0
AUTOCAR SNCF,2026-09-17,16,0,0,461,0
AUTOCAR SNCF,2026-09-17,17,0,0,461,0
AUTOCAR SNCF,2026-09-18,7,0,0,467,0
AUTOCAR SNCF,2026-09-18,8,0,0,467,0
AUTOCAR SNCF,2026-09-18,9,0,0,467,0
AUTOCAR SNCF,2026-09-18,10,0,0,467,0
AUTOCAR SNCF,2026-09-18,11,0,0,467,0
AUTOCAR SNCF,2026-09-18,12,0,0,467,0
AUTOCAR SNCF,2026-09-18,13,0,0,467,0
AUTOCAR SNCF,2026-09-18,14,0,0,467,0
AUTOCAR SNCF,2026-09-18,15,0,0,467,0
AUTOCAR SNCF,2026-09-18,16,0,0,467,0
AUTOCAR SNCF,2026-09-18,17,0,0,467,0
AUTOCAR SNCF,2026-09-18,18,0,0,467,0
AUTOCAR SNCF,2026-09-19,8,0,0,467,0
AUTOCAR SNCF,2026-09-19,9,0,0,467,0
AUTOCAR SNCF,2026-09-19,10,0,0,467,0
AUTOCAR SNCF,2026-09-19,11,0,0,467,0
AUTOCAR SNCF,2026-09-19,12,0,0,467,0
AUTOCAR SNCF,2026-09-19,13,0,0,467,0
AUTOCAR SNCF,2026-09-19,14,0,0,467,0
AUTOCAR SNCF,2026-09-19,15,0,0,467,0
AUTOCAR SNCF,2026-09-19,16,0,0,467,0
AUTOCAR SNCF,2026-09-19,17,0,0,467,0
AUTOCAR SNCF,2026-09-19,18,0,0,467,0
AUTOCAR SNCF,2026-09-19,19,0,0,467,0
AUTOCAR SNCF,2026-09-20,9,0,0,386,0
AUTOCAR SNCF,2026-09-20,10,0,0,386,0
AUTOCAR SNCF,2026-09-20,11,0,0,386,0
AUTOCAR SNCF,2026-09-20,12,0,0,386,0
AUTOCAR SNCF,2026-09-20,13,0,0,386,0
AUTOCAR SNCF,2026-09-20,14,0,0,386,0
AUTOCAR SNCF,2026-09-20,15,0,0,386,0
AUTOCAR SNCF,2026-09-20,16,0,0,386,0
AUTOCAR SNCF,2026-09-20,17,0,0,386,0
AUTOCAR SNCF,2026-09-20,18,0,0,386,0
AUTOCAR SNCF,2026-09-20,19,0,0,386,0
AUTOCAR SNCF,2026-09-20,20,0,0,386,0
AUTOCAR SNCF,2026-09-21,10,0,0,453,0
AUTOCAR SNCF,2026-09-21,11,0,0,453,0
AUTOCAR SNCF,2026-09-21,12,0,0,453,0
AUTOCAR SNCF,2026-09-21,13,0,0,453,0
AUTOCAR SNCF,2026-09-21,14,0,0,453,0
AUTOCAR SNCF,2026-09-21,15,0,0,453,0
AUTOCAR SNCF,2026-09-21,16,0,0,453,0
AUTOCAR SNCF,2026-09-21,17,0,0,453,0
AUTOCAR SNCF,2026-09-21,18,0,0,453,0
AUTOCAR SNCF,2026-09-21,19,0,0,453,0
AUTOCAR SNCF,2026-09-21,20,0,0,453,0
AUTOCAR SNCF,2026-09-21,21,0,0,453,0
AUTOCAR SNCF,2026-09-22,11,0,0,453,0
AUTOCAR SNCF,2026-09-22,12,0,0,453,0
AUTOCAR SNCF,2026-09-22,13,0,0,453,0
AUTOCAR SNCF,2026-09-22,14,0,0,453,0
AUTOCAR SNCF,2026-09-22,15,0,0,453,0
AUTOCAR SNCF,2026-09-22,16,0,0,453,0
AUTOCAR SNCF,2026-09-22,17,0,0,453,0
AUTOCAR SNCF,2026-09-22,18,0,0,453,0
AUTOCAR SNCF,2026-09-22,19,0,0,453,0
AUTOCAR SNCF,2026-09-22,20,0,0,453,0
AUTOCAR SNCF,2026-09-22,21,0,0,453,0
AUTOCAR SNCF,2026-09-22,22,0,0,453,0
AUTOCAR SNCF,2026-09-23,12,0,0,453,0
AUTOCAR SNCF,2026-09-23,13,0,0,453,0
AUTOCAR SNCF,2026-09-23,14,0,0,453,0
AUTOCAR SNCF,2026-09-23,15,0,0,453,0
AUTOCAR SNCF,2026-09-23,16,0,0,453,0
AUTOCAR SNCF,2026-09-23,17,0,0,453,0
AUTOCAR SNCF,2026-09-23,18,0,0,453,0
AUTOCAR SNCF,2026-09-23,19,0,0,453,0
AUTOCAR SNCF,2026-09-23,20,0,0,453,0
AUTOCAR SNCF,2026-09-23,21,0,0,453,0
AUTOCAR SNCF,2026-09-23,22,0,0,453,0
AUTOCAR SNCF,2026-09-23,23,0,0,453,0
AUTOCAR SNCF,2026-09-24,13,0,0,459,0
AUTOCAR SNCF,2026-09-24,14,0,0,459,0
AUTOCAR SNCF,2026-09-24,15,0,0,459,0
AUTOCAR SNCF,2026-09-24,16,0,0,459,0
AUTOCAR SNCF,2026-09-24,17,0,0,459,0
AUTOCAR SNCF,2026-09-24,18,0,0,459,0
AUTOCAR SNCF,2026-09-24,19,0,0,459,0
AUTOCAR SNCF,2026-09-24,20,0,0,459,0
AUTOCAR SNCF,2026-09-24,21,0,0,459,0
AUTOCAR SNCF,2026-09-24,22,0,0,459,0
AUTOCAR SNCF,2026-09-24,23,0,0,459,0
AUTOCAR SNCF,2026-09-24,24,0,0,459,0
AUTOCAR SNCF,2026-09-25,14,0,0,465,0
AUTOCAR SNCF,2026-09-25,15,0,0,465,0
AUTOCAR SNCF,2026-09-25,16,0,0,465,0
AUTOCAR SNCF,2026-09-25,17,0,0,465,0
AUTOCAR SNCF,2026-09-25,18,0,0,465,0
AUTOCAR SNCF,2026-09-25,19,0,0,465,0
AUTOCAR SNCF,2026-09-25,20,0,0,465,0
AUTOCAR SNCF,2026-09-25,21,0,0,465,0
AUTOCAR SNCF,2026-09-25,22,0,0,465,0
AUTOCAR SNCF,2026-09-25,23,0,0,465,0
AUTOCAR SNCF,2026-09-25,24,0,0,465,0
AUTOCAR SNCF,2026-09-25,25,0,0,465,0
AUTOCAR SNCF,2026-09-26,15,0,0,467,0
AUTOCAR SNCF,2026-09-26,16,0,0,467,0
AUTOCAR SNCF,2026-09-26,17,0,0,467,0
AUTOCAR SNCF,2026-09-26,18,0,0,467,0
AUTOCAR SNCF,2026-09-26,19,0,0,467,0
AUTOCAR SNCF,2026-09-26,20,0,0,467,0
AUTOCAR SNCF,2026-09-26,21,0,0,467,0
AUTOCAR SNCF,2026-09-26,22,0,0,467,0
AUTOCAR SNCF,2026-09-26,23,0,0,467,0
AUTOCAR SNCF,2026-09-26,24,0,0,467,0
AUTOCAR SNCF,2026-09-26,25,0,0,467,0
AUTOCAR SNCF,2026-09-26,26,0,0,467,0
AUTOCAR SNCF,2026-09-27,16,0,0,376,0
AUTOCAR SNCF,2026-09-27,17,0,0,376,0
AUTOCAR SNCF,2026-09-27,18,0,0,376,0
AUTOCAR SNCF,2026-09-27,19,0,0,376,0
AUTOCAR SNCF,2026-09-27,20,0,0,376,0
AUTOCAR SNCF,2026-09-27,21,0,0,376,0
AUTOCAR SNCF,2026-09-27,22,0,0,376,0
AUTOCAR SNCF,2026-09-27,23,0,0,376,0
AUTOCAR SNCF,2026-09-27,24,0,0,376,0
AUTOCAR SNCF,2026-09-27,25,0,0,376,0
AUTOCAR SNCF,2026-09-27,26,0,0,376,0
AUTOCAR SNCF,2026-09-27,27,0,0,376,0
AUTOCAR SNCF,2026-09-28,17,0,0,441,0
AUTOCAR SNCF,2026-09-28,18,0,0,441,0
AUTOCAR SNCF,2026-09-28,19,0,0,441,0
AUTOCAR SNCF,2026-09-28,20,0,0,441,0
AUTOCAR SNCF,2026-09-28,21,0,0,441,0
AUTOCAR SNCF,2026-09-28,22,0,0,441,0
AUTOCAR SNCF,2026-09-28,23,0,0,441,0
AUTOCAR SNCF,2026-09-28,24,0,0,441,0
AUTOCAR SNCF,2026-09-28,25,0,0,441,0
AUTOCAR SNCF,2026-09-28,26,0,0,441,0
AUTOCAR SNCF,2026-09-28,27,0,0,441,0
AUTOCAR SNCF,2026-09-28,28,0,0,441,0
AUTOCAR SNCF,2026-09-29,18,0,0,453,0
AUTOCAR SNCF,2026-09-29,19,0,0,453,0
AUTOCAR SNCF,2026-09-29,20,0,0,453,0
AUTOCAR SNCF,2026-09-29,21,0,0,453,0
AUTOCAR SNCF,2026-09-29,22,0,0,453,0
AUTOCAR SNCF,2026-09-29,23,0,0,453,0
AUTOCAR SNCF,2026-09-29,24,0,0,453,0
AUTOCAR SNCF,2026-09-29,25,0,0,453,0
AUTOCAR SNCF,2026-09-29,26,0,0,453,0
AUTOCAR SNCF,2026-09-29,27,0,0,453,0
AUTOCAR SNCF,2026-09-29,28,0,0,453,0
AUTOCAR SNCF,2026-09-29,29,0,0,453,0
AUTOCAR SNCF,2026-09-30,19,0,0,453,0
AUTOCAR SNCF,2026-09-30,20,0,0,453,0
AUTOCAR SNCF,2026-09-30,21,0,0,453,0
AUTOCAR SNCF,2026-09-30,22,0,0,453,0
AUTOCAR SNCF,2026-09-30,23,0,0,453,0
AUTOCAR SNCF,2026-09-30,24,0,0,453,0
AUTOCAR SNCF,2026-09-30,25,0,0,453,0
AUTOCAR SNCF,2026-09-30,26,0,0,453,0
AUTOCAR SNCF,2026-09-30,27,0,0,453,0
AUTOCAR SNCF,2026-09-30,28,0,0,453,0
AUTOCAR SNCF,2026-09-30,29,0,0,453,0
AUTOCAR SNCF,2026-09-30,30,0,0,453,0
AUTOCAR SNCF,2026-10-01,20,0,0,459,0
AUTOCAR SNCF,2026-10-01,21,0,0,459,0
AUTOCAR SNCF,2026-10-01,22,0,0,459,0
AUTOCAR SNCF,2026-10-01,23,0,0,459,0
AUTOCAR SNCF,2026-10-01,24,0,0,459,0
AUTOCAR SNCF,2026-10-01,25,0,0,459,0
AUTOCAR SNCF,2026-10-01,26,0,0,459,0
AUTOCAR SNCF,2026-10-01,27,0,0,459,0
AUTOCAR SNCF,2026-10-01,28,0,0,459,0
AUTOCAR SNCF,2026-10-01,29,0,0,459,0
AUTOCAR SNCF,2026-10-01,30,0,0,459,0
AUTOCAR SNCF,2026-10-02,21,0,0,465,0
AUTOCAR SNCF,2026-10-02,22,0,0,465,0
AUTOCAR SNCF,2026-10-02,23,0,0,465,0
AUTOCAR SNCF,2026-10-02,24,0,0,465,0
AUTOCAR SNCF,2026-10-02,25,0,0,465,0
AUTOCAR SNCF,2026-10-02,26,0,0,465,0
AUTOCAR SNCF,2026-10-02,27,0,0,465,0
AUTOCAR SNCF,2026-10-02,28,0,0,465,0
AUTOCAR SNCF,2026-10-02,29,0,0,465,0
AUTOCAR SNCF,2026-10-02,30,0,0,465,0
AUTOCAR SNCF,2026-10-03,22,0,0,468,0
AUTOCAR SNCF,2026-10-03,23,0,0,468,0
AUTOCAR SNCF,2026-10-03,24,0,0,467,0
AUTOCAR SNCF,2026-10-03,25,0,0,467,0
AUTOCAR SNCF,2026-10-03,26,0,0,467,0
AUTOCAR SNCF,2026-10-03,27,0,0,467,0
AUTOCAR SNCF,2026-10-03,28,0,0,467,0
AUTOCAR SNCF,2026-10-03,29,0,0,467,0
AUTOCAR SNCF,2026-10-03,30,0,0,467,0
AUTOCAR SNCF,2026-10-04,23,0,0,387,0
AUTOCAR SNCF,2026-10-04,24,0,0,387,0
AUTOCAR SNCF,2026-10-04,25,0,0,386,0
AUTOCAR SNCF,2026-10-04,26,0,0,386,0
AUTOCAR SNCF,2026-10-04,27,0,0,386,0
AUTOCAR SNCF,2026-10-04,28,0,0,386,0
AUTOCAR SNCF,2026-10-04,29,0,0,386,0
AUTOCAR SNCF,2026-10-04,30,0,0,386,0
AUTOCAR SNCF,2026-10-05,24,0,0,465,0
AUTOCAR SNCF,2026-10-05,25,0,0,465,0
AUTOCAR SNCF,2026-10-05,26,0,0,465,0
AUTOCAR SNCF,2026-10-05,27,0,0,465,0
AUTOCAR SNCF,2026-10-05,28,0,0,465,0
AUTOCAR SNCF,2026-10-05,29,0,0,465,0
AUTOCAR SNCF,2026-10-05,30,0,0,465,0
AUTOCAR SNCF,2026-10-06,25,0,0,472,0
AUTOCAR SNCF,2026-10-06,26,0,0,472,0
AUTOCAR SNCF,2026-10-06,27,0,0,472,0
AUTOCAR SNCF,2026-10-06,28,0,0,472,0
AUTOCAR SNCF,2026-10-06,29,0,0,472,0
AUTOCAR SNCF,2026-10-06,30,0,0,472,0
AUTOCAR SNCF,2026-10-07,26,0,0,472,0
AUTOCAR SNCF,2026-10-07,27,0,0,472,0
AUTOCAR SNCF,2026-10-07,28,0,0,472,0
AUTOCAR SNCF,2026-10-07,29,0,0,472,0
AUTOCAR SNCF,2026-10-07,30,0,0,472,0
AUTOCAR SNCF,2026-10-08,27,0,0,472,0
AUTOCAR SNCF,2026-10-08,28,0,0,472,0
AUTOCAR SNCF,2026-10-08,29,0,0,472,0
AUTOCAR SNCF,2026-10-08,30,0,0,472,0
AUTOCAR SNCF,2026-10-09,28,0,0,483,0
AUTOCAR SNCF,2026-10-09,29,0,0,483,0
AUTOCAR SNCF,2026-10-09,30,0,0,483,0
AUTOCAR SNCF,2026-10-10,29,0,0,469,0
AUTOCAR SNCF,2026-10-10,30,0,0,469,0
AUTOCAR SNCF,2026-10-11,30,0,0,398,0
EST,2026-09-01,1,902,172,816,73
EST,2026-09-02,1,1180,181,548,38
EST,2026-09-02,2,1156,58,572,82
EST,2026-09-03,1,851,216,884,84
EST,2026-09-03,2,855,164,880,160
EST,2026-09-03,3,916,78,819,17
EST,2026-09-04,1,836,104,1151,56
EST,2026-09-04,2,998,167,989,5
EST,2026-09-04,3,980,94,1007,112
EST,2026-09-04,4,387,1,1600,594
EST,2026-09-05,1,1190,115,724,194
EST,2026-09-05,2,1430,329,484,89
EST,2026-09-05,3,1499,114,415,45
EST,2026-09-05,4,442,0,1472,1057
EST,2026-09-05,5,462,48,1452,28
EST,2026-09-06,1,611,103,1411,114
EST,2026-09-06,2,631,80,1391,60
EST,2026-09-06,3,633,73,1389,71
EST,2026-09-06,4,225,14,1797,422
EST,2026-09-06,5,195,10,1827,40
EST,2026-09-06,6,215,34,1807,14
EST,2026-09-07,1,755,38,1109,100
EST,2026-09-07,2,848,204,1016,111
EST,2026-09-07,3,812,124,1052,160
EST,2026-09-07,4,354,0,1510,458
EST,2026-09-07,5,307,18,1557,65
EST,2026-09-07,6,296,38,1568,49
EST,2026-09-07,7,306,13,1558,3
EST,2026-09-08,1,929,151,798,76
EST,2026-09-08,2,993,178,734,114
EST,2026-09-08,3,860,47,867,180
EST,2026-09-08,4,419,0,1308,441
EST,2026-09-08,5,405,25,1322,39
EST,2026-09-08,6,484,117,1243,38
EST,2026-09-08,7,439,37,1288,82
EST,2026-09-08,8,388,4,1339,55
EST,2026-09-09,1,918,251,810,41
EST,2026-09-09,2,882,9,846,45
EST,2026-09-09,3,932,55,796,5
EST,2026-09-09,4,400,0,1328,532
EST,2026-09-09,5,401,47,1327,46
EST,2026-09-09,6,385,28,1343,44
EST,2026-09-09,7,424,57,1304,18
EST,2026-09-09,8,378,51,1350,97
EST,2026-09-09,9,383,8,1345,3
EST,2026-09-10,1,448,25,1287,40
EST,2026-09-10,2,537,91,1198,2
EST,2026-09-10,3,508,15,1227,44
EST,2026-09-10,4,228,0,1507,280
EST,2026-09-10,5,231,17,1504,14
EST,2026-09-10,6,256,40,1479,15
EST,2026-09-10,7,249,19,1486,26
EST,2026-09-10,8,246,16,1489,19
EST,2026-09-10,9,241,7,1494,12
EST,2026-09-10,10,224,10,1511,27
EST,2026-09-11,1,291,62,1696,44
EST,2026-09-11,2,357,132,1630,66
EST,2026-09-11,3,383,79,1604,53
EST,2026-09-11,4,165,1,1822,219
EST,2026-09-11,5,176,23,1811,12
EST,2026-09-11,6,175,4,1812,5
EST,2026-09-11,7,181,10,1806,4
EST,2026-09-11,8,165,2,1822,18
EST,2026-09-11,9,175,18,1812,8
EST,2026-09-11,10,162,5,1825,18
EST,2026-09-11,11,167,16,1820,11
EST,2026-09-12,1,1195,133,703,81
EST,2026-09-12,2,1279,101,619,17
EST,2026-09-12,3,1271,72,627,80
EST,2026-09-12,4,460,7,1438,818
EST,2026-09-12,5,381,52,1517,131
EST,2026-09-12,6,445,129,1453,65
EST,2026-09-12,7,438,97,1460,104
EST,2026-09-12,8,429,52,1469,61
EST,2026-09-12,9,383,22,1515,68
EST,2026-09-12,10,271,11,1627,123
EST,2026-09-12,11,257,32,1641,46
EST,2026-09-12,12,72,0,1826,185
EST,2026-09-13,2,417,20,1605,48
EST,2026-09-13,3,376,13,1646,54
EST,2026-09-13,4,203,0,1819,173
EST,2026-09-13,5,189,37,1833,51
EST,2026-09-13,6,169,9,1853,29
EST,2026-09-13,7,157,3,1865,15
EST,2026-09-13,8,133,16,1889,40
EST,2026-09-13,9,163,52,1859,22
EST,2026-09-13,10,153,7,1869,17
EST,2026-09-13,11,151,16,1871,18
EST,2026-09-13,12,40,0,1982,111
EST,2026-09-13,13,34,0,1988,6
EST,2026-09-14,3,680,49,1192,62
EST,2026-09-14,4,203,7,1669,484
EST,2026-09-14,5,204,4,1668,3
EST,2026-09-14,6,242,41,1630,3
EST,2026-09-14,7,201,7,1671,48
EST,2026-09-14,8,183,2,1689,20
EST,2026-09-14,9,181,17,1691,19
EST,2026-09-14,10,143,3,1729,41
EST,2026-09-14,11,148,16,1724,11
EST,2026-09-14,12,93,0,1779,55
EST,2026-09-14,13,102,10,1770,1
EST,2026-09-14,14,92,0,1780,10
EST,2026-09-15,4,347,0,1388,420
EST,2026-09-15,5,330,10,1405,27
EST,2026-09-15,6,343,28,1392,15
EST,2026-09-15,7,327,9,1408,25
EST,2026-09-15,8,306,8,1429,29
EST,2026-09-15,9,274,8,1461,40
EST,2026-09-15,10,282,24,1453,16
EST,2026-09-15,11,267,2,1468,17
EST,2026-09-15,12,182,0,1553,85
EST,2026-09-15,13,209,33,1526,6
EST,2026-09-15,14,163,3,1572,49
EST,2026-09-15,15,160,6,1575,9
EST,2026-09-16,5,359,52,1368,3
EST,2026-09-16,6,316,2,1411,45
EST,2026-09-16,7,298,6,1429,24
EST,2026-09-16,8,288,16,1439,26
EST,2026-09-16,9,298,21,1429,11
EST,2026-09-16,10,308,19,1419,9
EST,2026-09-16,11,293,7,1434,22
EST,2026-09-16,12,182,0,1545,111
EST,2026-09-16,13,126,11,1601,67
EST,2026-09-16,14,126,11,1601,11
EST,2026-09-16,15,80,1,1647,47
EST,2026-09-16,16,87,19,1640,12
EST,2026-09-17,6,267,11,1467,37
EST,2026-09-17,7,249,6,1485,24
EST,2026-09-17,8,252,36,1482,33
EST,2026-09-17,9,298,49,1436,3
EST,2026-09-17,10,241,3,1493,60
EST,2026-09-17,11,248,8,1486,1
EST,2026-09-17,12,136,0,1598,112
EST,2026-09-17,13,133,0,1601,3
EST,2026-09-17,14,115,2,1619,20
EST,2026-09-17,15,123,10,1611,2
EST,2026-09-17,16,120,3,1614,6
EST,2026-09-17,17,115,1,1619,6
EST,2026-09-18,7,166,14,1550,8
EST,2026-09-18,8,155,2,1561,13
EST,2026-09-18,9,143,7,1573,19
EST,2026-09-18,10,144,7,1572,6
EST,2026-09-18,11,149,27,1567,22
EST,2026-09-18,12,93,0,1623,56
EST,2026-09-18,13,93,0,1623,0
EST,2026-09-18,14,93,0,1623,0
EST,2026-09-18,15,93,9,1623,9
EST,2026-09-18,16,86,2,1630,9
EST,2026-09-18,17,72,0,1644,14
EST,2026-09-18,18,81,9,1635,0
EST,2026-09-19,8,198,23,1208,33
EST,2026-09-19,9,201,36,1205,33
EST,2026-09-19,10,205,47,1201,43
EST,2026-09-19,11,221,40,1185,24
EST,2026-09-19,12,47,0,1359,174
EST,2026-09-19,13,46,0,1360,1
EST,2026-09-19,14,43,0,1363,3
EST,2026-09-19,15,37,3,1369,9
EST,2026-09-19,16,22,0,1384,15
EST,2026-09-19,17,21,0,1385,1
EST,2026-09-19,18,20,0,1386,1
EST,2026-09-19,19,20,0,1386,0
EST,2026-09-20,9,104,16,1676,21
EST,2026-09-20,10,113,21,1667,12
EST,2026-09-20,11,129,46,1651,30
EST,2026-09-20,12,34,0,1746,95
EST,2026-09-20,13,35,7,1745,6
EST,2026-09-20,14,26,0,1754,9
EST,2026-09-20,15,24,3,1756,5
EST,2026-09-20,16,24,0,1756,0
EST,2026-09-20,17,21,0,1759,3
EST,2026-09-20,18,18,0,1762,3
EST,2026-09-20,19,18,0,1762,0
EST,2026-09-20,20,17,0,1763,1
EST,2026-09-21,10,206,46,1519,19
EST,2026-09-21,11,201,4,1524,9
EST,2026-09-21,12,82,0,1643,119
EST,2026-09-21,13,81,10,1644,11
EST,2026-09-21,14,70,0,1655,11
EST,2026-09-21,15,70,0,1655,0
EST,2026-09-21,16,69,0,1656,1
EST,2026-09-21,17,69,0,1656,0
EST,2026-09-21,18,63,0,1662,6
EST,2026-09-21,19,60,0,1665,3
EST,2026-09-21,20,57,0,1668,3
EST,2026-09-21,21,57,0,1668,0
EST,2026-09-22,11,337,8,1368,0
EST,2026-09-22,12,156,0,1549,181
EST,2026-09-22,13,177,21,1528,0
EST,2026-09-22,14,162,0,1543,15
EST,2026-09-22,15,133,1,1572,30
EST,2026-09-22,16,131,6,1574,8
EST,2026-09-22,17,141,16,1564,6
EST,2026-09-22,18,133,10,1572,18
EST,2026-09-22,19,119,6,1586,20
EST,2026-09-22,20,82,1,1623,38
EST,2026-09-22,21,55,1,1650,28
EST,2026-09-22,22,56,10,1649,9
EST,2026-09-23,12,118,0,1588,178
EST,2026-09-23,13,90,0,1616,28
EST,2026-09-23,14,89,0,1617,1
EST,2026-09-23,15,90,1,1616,0
EST,2026-09-23,16,92,6,1614,4
EST,2026-09-23,17,80,0,1626,12
EST,2026-09-23,18,77,3,1629,6
EST,2026-09-23,19,95,22,1611,4
EST,2026-09-23,20,82,3,1624,16
EST,2026-09-23,21,81,7,1625,8
EST,2026-09-23,22,83,3,1623,1
EST,2026-09-23,23,73,1,1633,11
EST,2026-09-24,13,145,15,1548,33
EST,2026-09-24,14,145,9,1548,9
EST,2026-09-24,15,133,3,1560,15
EST,2026-09-24,16,148,16,1545,1
EST,2026-09-24,17,141,0,1552,7
EST,2026-09-24,18,129,0,1564,12
EST,2026-09-24,19,123,0,1570,6
EST,2026-09-24,20,135,13,1558,1
EST,2026-09-24,21,130,1,1563,6
EST,2026-09-24,22,123,0,1570,7
EST,2026-09-24,23,114,1,1579,10
EST,2026-09-24,24,87,0,1606,27
EST,2026-09-25,14,95,1,1741,0
EST,2026-09-25,15,84,1,1752,12
EST,2026-09-25,16,87,3,1749,0
EST,2026-09-25,17,70,0,1766,17
EST,2026-09-25,18,45,0,1791,25
EST,2026-09-25,19,43,4,1793,6
EST,2026-09-25,20,42,0,1794,1
EST,2026-09-25,21,39,0,1797,3
EST,2026-09-25,22,37,1,1799,3
EST,2026-09-25,23,47,10,1789,0
EST,2026-09-25,24,51,5,1785,1
EST,2026-09-25,25,57,9,1779,3
EST,2026-09-26,15,77,0,1693,6
EST,2026-09-26,16,72,1,1698,6
EST,2026-09-26,17,82,10,1688,0
EST,2026-09-26,18,75,0,1695,7
EST,2026-09-26,19,68,3,1702,10
EST,2026-09-26,20,79,11,1691,0
EST,2026-09-26,21,74,0,1696,5
EST,2026-09-26,22,71,0,1699,3
EST,2026-09-26,23,72,1,1698,0
EST,2026-09-26,24,61,0,1709,11
EST,2026-09-26,25,61,0,1709,0
EST,2026-09-26,26,55,0,1715,6
EST,2026-09-27,16,44,0,1938,9
EST,2026-09-27,17,37,0,1945,7
EST,2026-09-27,18,40,6,1942,3
EST,2026-09-27,19,34,0,1948,6
EST,2026-09-27,20,30,0,1952,4
EST,2026-09-27,21,31,1,1951,0
EST,2026-09-27,22,25,0,1957,6
EST,2026-09-27,23,18,0,1964,7
EST,2026-09-27,24,18,0,1964,0
EST,2026-09-27,25,15,0,1967,3
EST,2026-09-27,26,15,4,1967,4
EST,2026-09-27,27,14,0,1968,1
EST,2026-09-28,17,91,0,1643,0
EST,2026-09-28,18,91,2,1643,2
EST,2026-09-28,19,86,0,1648,5
EST,2026-09-28,20,76,0,1658,10
EST,2026-09-28,21,82,6,1652,0
EST,2026-09-28,22,86,4,1648,0
EST,2026-09-28,23,77,0,1657,9
EST,2026-09-28,24,70,0,1664,7
EST,2026-09-28,25,69,3,1665,4
EST,2026-09-28,26,56,0,1678,13
EST,2026-09-28,27,46,0,1688,10
EST,2026-09-28,28,43,0,1691,3
EST,2026-09-29,18,103,12,1602,16
EST,2026-09-29,19,86,0,1619,17
EST,2026-09-29,20,88,6,1617,4
EST,2026-09-29,21,85,0,1620,3
EST,2026-09-29,22,84,0,1621,1
EST,2026-09-29,23,81,0,1624,3
EST,2026-09-29,24,81,10,1624,10
EST,2026-09-29,25,81,1,1624,1
EST,2026-09-29,26,59,6,1646,28
EST,2026-09-29,27,50,0,1655,9
EST,2026-09-29,28,50,3,1655,3
EST,2026-09-29,29,47,0,1658,3
EST,2026-09-30,19,83,0,1623,3
EST,2026-09-30,20,81,3,1625,5
EST,2026-09-30,21,81,0,1625,0
EST,2026-09-30,22,78,3,1628,6
EST,2026-09-30,23,74,0,1632,4
EST,2026-09-30,24,68,3,1638,9
EST,2026-09-30,25,71,3,1635,0
EST,2026-09-30,26,70,0,1636,1
EST,2026-09-30,27,63,3,1643,10
EST,2026-09-30,28,44,0,1662,19
EST,2026-09-30,29,39,1,1667,6
EST,2026-09-30,30,0,0,1706,39
EST,2026-10-01,20,94,3,1599,10
EST,2026-10-01,21,91,0,1602,3
EST,2026-10-01,22,122,38,1571,7
EST,2026-10-01,23,93,0,1600,29
EST,2026-10-01,24,76,0,1617,17
EST,2026-10-01,25,73,0,1620,3
EST,2026-10-01,26,73,0,1620,0
EST,2026-10-01,27,88,29,1605,14
EST,2026-10-01,28,40,0,1653,48
EST,2026-10-01,29,37,0,1656,3
EST,2026-10-01,30,0,0,1693,37
EST,2026-10-02,21,29,0,1806,3
EST,2026-10-02,22,29,0,1806,0
EST,2026-10-02,23,29,0,1806,0
EST,2026-10-02,24,51,25,1784,3
EST,2026-10-02,25,24,0,1811,27
EST,2026-10-02,26,45,24,1790,3
EST,2026-10-02,27,45,0,1790,0
EST,2026-10-02,28,21,0,1814,24
EST,2026-10-02,29,20,0,1815,1
EST,2026-10-02,30,0,0,1835,20
EST,2026-10-03,22,35,0,1735,6
EST,2026-10-03,23,29,0,1741,6
EST,2026-10-03,24,29,0,1741,0
EST,2026-10-03,25,35,6,1735,0
EST,2026-10-03,26,29,0,1741,6
EST,2026-10-03,27,29,0,1741,0
EST,2026-10-03,28,29,0,1741,0
EST,2026-10-03,29,27,1,1743,3
EST,2026-10-03,30,0,0,1770,27
EST,2026-10-04,23,13,0,1975,3
EST,2026-10-04,24,13,0,1975,0
EST,2026-10-04,25,13,0,1975,0
EST,2026-10-04,26,4,0,1984,9
EST,2026-10-04,27,4,0,1984,0
EST,2026-10-04,28,4,0,1984,0
EST,2026-10-04,29,4,0,1984,0
EST,2026-10-04,30,0,0,1988,4
EST,2026-10-05,24,47,3,1687,21
EST,2026-10-05,25,47,3,1687,3
EST,2026-10-05,26,41,0,1693,6
EST,2026-10-05,27,46,6,1688,1
EST,2026-10-05,28,43,3,1691,6
EST,2026-10-05,29,41,0,1693,2
EST,2026-10-05,30,0,0,1734,41
EST,2026-10-06,25,59,0,1646,4
EST,2026-10-06,26,53,0,1652,6
EST,2026-10-06,27,48,1,1657,6
EST,2026-10-06,28,53,6,1652,1
EST,2026-10-06,29,44,0,1661,9
EST,2026-10-06,30,0,0,1705,44
EST,2026-10-07,26,55,4,1651,1
EST,2026-10-07,27,54,0,1652,1
EST,2026-10-07,28,55,4,1651,3
EST,2026-10-07,29,56,1,1650,0
EST,2026-10-07,30,0,0,1706,56
EST,2026-10-08,27,40,0,1661,0
EST,2026-10-08,28,49,12,1652,3
EST,2026-10-08,29,40,0,1661,9
EST,2026-10-08,30,0,0,1701,40
EST,2026-10-09,28,58,6,1827,0
EST,2026-10-09,29,59,1,1826,0
EST,2026-10-09,30,0,0,1885,59
EST,2026-10-10,29,50,0,1521,9
EST,2026-10-10,30,0,0,1571,50
EST,2026-10-11,30,0,0,1743,24
IC ARO,2026-09-01,1,1485,0,277,22
IC ARO,2026-09-02,1,1539,0,223,38
IC ARO,2026-09-02,2,1583,31,192,0
IC ARO,2026-09-03,1,1150,88,612,78
IC ARO,2026-09-03,2,1304,156,471,15
IC ARO,2026-09-03,3,1499,200,276,5
IC ARO,2026-09-04,1,800,62,1007,76
IC ARO,2026-09-04,2,632,109,1188,290
IC ARO,2026-09-04,3,690,88,1130,30
IC ARO,2026-09-04,4,297,0,1523,393
IC ARO,2026-09-05,1,868,88,786,45
IC ARO,2026-09-05,2,775,149,892,251
IC ARO,2026-09-05,3,734,91,933,132
IC ARO,2026-09-05,4,343,0,1324,391
IC ARO,2026-09-05,5,326,0,1341,17
IC ARO,2026-09-06,1,511,33,1047,0
IC ARO,2026-09-06,2,160,68,1405,419
IC ARO,2026-09-06,3,293,151,1272,18
IC ARO,2026-09-06,4,73,0,1492,220
IC ARO,2026-09-06,5,29,0,1536,44
IC ARO,2026-09-06,6,57,28,1508,0
IC ARO,2026-09-07,1,674,241,994,25
IC ARO,2026-09-07,2,598,10,1177,186
IC ARO,2026-09-07,3,696,110,1079,12
IC ARO,2026-09-07,4,350,2,1425,348
IC ARO,2026-09-07,5,342,7,1433,15
IC ARO,2026-09-07,6,322,0,1453,20
IC ARO,2026-09-07,7,335,13,1440,0
IC ARO,2026-09-08,1,1124,4,638,238
IC ARO,2026-09-08,2,1119,0,656,5
IC ARO,2026-09-08,3,1091,5,684,33
IC ARO,2026-09-08,4,721,28,1054,398
IC ARO,2026-09-08,5,699,43,1076,65
IC ARO,2026-09-08,6,681,25,1094,43
IC ARO,2026-09-08,7,541,0,1234,140
IC ARO,2026-09-08,8,554,15,1221,2
IC ARO,2026-09-09,1,1524,36,238,114
IC ARO,2026-09-09,2,1140,2,635,395
IC ARO,2026-09-09,3,1224,122,551,38
IC ARO,2026-09-09,4,798,0,977,426
IC ARO,2026-09-09,5,789,0,986,9
IC ARO,2026-09-09,6,718,1,1057,72
IC ARO,2026-09-09,7,702,19,1073,35
IC ARO,2026-09-09,8,633,21,1142,90
IC ARO,2026-09-09,9,598,0,1177,35
IC ARO,2026-09-10,1,1590,19,172,21
IC ARO,2026-09-10,2,1044,0,731,559
IC ARO,2026-09-10,3,801,0,974,243
IC ARO,2026-09-10,4,321,2,1454,482
IC ARO,2026-09-10,5,317,11,1458,15
IC ARO,2026-09-10,6,304,0,1471,13
IC ARO,2026-09-10,7,298,0,1477,6
IC ARO,2026-09-10,8,302,10,1473,6
IC ARO,2026-09-10,9,302,0,1473,0
IC ARO,2026-09-10,10,357,55,1418,0
IC ARO,2026-09-11,1,819,0,988,646
IC ARO,2026-09-11,2,727,10,1093,115
IC ARO,2026-09-11,3,685,115,1135,157
IC ARO,2026-09-11,4,112,0,1708,573
IC ARO,2026-09-11,5,110,4,1710,6
IC ARO,2026-09-11,6,110,0,1710,0
IC ARO,2026-09-11,7,102,6,1718,14
IC ARO,2026-09-11,8,86,0,1734,16
IC ARO,2026-09-11,9,85,0,1735,1
IC ARO,2026-09-11,10,86,1,1734,0
IC ARO,2026-09-11,11,135,49,1685,0
IC ARO,2026-09-12,1,1091,2,563,385
IC ARO,2026-09-12,2,525,0,1142,579
IC ARO,2026-09-12,3,484,0,1183,41
IC ARO,2026-09-12,4,281,41,1386,244
IC ARO,2026-09-12,5,301,57,1366,37
IC ARO,2026-09-12,6,278,0,1389,23
IC ARO,2026-09-12,7,272,0,1395,6
IC ARO,2026-09-12,8,285,13,1382,0
IC ARO,2026-09-12,9,263,0,1404,22
IC ARO,2026-09-12,10,228,0,1439,35
IC ARO,2026-09-12,11,218,0,1449,10
IC ARO,2026-09-12,12,169,0,1498,49
IC ARO,2026-09-13,2,421,0,1144,609
IC ARO,2026-09-13,3,237,14,1328,198
IC ARO,2026-09-13,4,59,0,1506,178
IC ARO,2026-09-13,5,38,7,1527,28
IC ARO,2026-09-13,6,59,28,1506,7
IC ARO,2026-09-13,7,60,7,1505,6
IC ARO,2026-09-13,8,25,0,1540,35
IC ARO,2026-09-13,9,32,7,1533,0
IC ARO,2026-09-13,10,26,0,1539,6
IC ARO,2026-09-13,11,20,0,1545,6
IC ARO,2026-09-13,12,7,0,1558,13
IC ARO,2026-09-13,13,7,0,1558,0
IC ARO,2026-09-14,3,656,0,1071,112
IC ARO,2026-09-14,4,213,0,1514,443
IC ARO,2026-09-14,5,232,19,1495,0
IC ARO,2026-09-14,6,232,0,1495,0
IC ARO,2026-09-14,7,212,0,1515,20
IC ARO,2026-09-14,8,213,1,1514,0
IC ARO,2026-09-14,9,186,0,1541,27
IC ARO,2026-09-14,10,226,40,1501,0
IC ARO,2026-09-14,11,174,0,1553,52
IC ARO,2026-09-14,12,151,10,1576,33
IC ARO,2026-09-14,13,151,0,1576,0
IC ARO,2026-09-14,14,151,0,1576,0
IC ARO,2026-09-15,4,698,0,1029,493
IC ARO,2026-09-15,5,692,13,1035,19
IC ARO,2026-09-15,6,706,19,1021,5
IC ARO,2026-09-15,7,716,10,1011,0
IC ARO,2026-09-15,8,620,1,1107,97
IC ARO,2026-09-15,9,609,21,1118,32
IC ARO,2026-09-15,10,593,19,1134,35
IC ARO,2026-09-15,11,547,2,1180,48
IC ARO,2026-09-15,12,456,60,1271,151
IC ARO,2026-09-15,13,323,0,1404,133
IC ARO,2026-09-15,14,383,60,1344,0
IC ARO,2026-09-15,15,338,0,1389,45
IC ARO,2026-09-16,5,1243,36,484,47
IC ARO,2026-09-16,6,1255,30,472,18
IC ARO,2026-09-16,7,1250,5,477,10
IC ARO,2026-09-16,8,1281,31,446,0
IC ARO,2026-09-16,9,1265,0,462,16
IC ARO,2026-09-16,10,1250,0,477,15
IC ARO,2026-09-16,11,1265,36,462,21
IC ARO,2026-09-16,12,1027,0,700,238
IC ARO,2026-09-16,13,976,30,751,81
IC ARO,2026-09-16,14,955,15,772,36
IC ARO,2026-09-16,15,827,15,900,143
IC ARO,2026-09-16,16,827,0,900,0
IC ARO,2026-09-17,6,798,89,876,0
IC ARO,2026-09-17,7,716,15,958,97
IC ARO,2026-09-17,8,731,15,943,0
IC ARO,2026-09-17,9,842,111,832,0
IC ARO,2026-09-17,10,842,0,832,0
IC ARO,2026-09-17,11,842,0,832,0
IC ARO,2026-09-17,12,552,0,1122,290
IC ARO,2026-09-17,13,533,78,1141,97
IC ARO,2026-09-17,14,455,0,1219,78
IC ARO,2026-09-17,15,455,21,1219,21
IC ARO,2026-09-17,16,533,78,1141,0
IC ARO,2026-09-17,17,533,0,1141,0
IC ARO,2026-09-18,7,198,36,1545,20
IC ARO,2026-09-18,8,183,6,1560,21
IC ARO,2026-09-18,9,192,15,1551,6
IC ARO,2026-09-18,10,192,0,1551,0
IC ARO,2026-09-18,11,186,0,1557,6
IC ARO,2026-09-18,12,114,0,1629,72
IC ARO,2026-09-18,13,113,0,1630,1
IC ARO,2026-09-18,14,113,0,1630,0
IC ARO,2026-09-18,15,128,36,1615,21
IC ARO,2026-09-18,16,136,21,1607,13
IC ARO,2026-09-18,17,151,15,1592,0
IC ARO,2026-09-18,18,151,0,1592,0
IC ARO,2026-09-19,8,865,0,802,6
IC ARO,2026-09-19,9,822,5,845,48
IC ARO,2026-09-19,10,814,21,853,29
IC ARO,2026-09-19,11,834,20,833,0
IC ARO,2026-09-19,12,450,0,1217,384
IC ARO,2026-09-19,13,527,77,1140,0
IC ARO,2026-09-19,14,512,0,1155,15
IC ARO,2026-09-19,15,512,0,1155,0
IC ARO,2026-09-19,16,560,55,1107,7
IC ARO,2026-09-19,17,582,22,1085,0
IC ARO,2026-09-19,18,582,0,1085,0
IC ARO,2026-09-19,19,582,0,1085,0
IC ARO,2026-09-20,9,110,0,1455,6
IC ARO,2026-09-20,10,110,0,1455,0
IC ARO,2026-09-20,11,104,0,1461,6
IC ARO,2026-09-20,12,104,0,1461,0
IC ARO,2026-09-20,13,104,0,1461,0
IC ARO,2026-09-20,14,104,0,1461,0
IC ARO,2026-09-20,15,90,0,1475,14
IC ARO,2026-09-20,16,90,0,1475,0
IC ARO,2026-09-20,17,90,0,1475,0
IC ARO,2026-09-20,18,84,0,1481,6
IC ARO,2026-09-20,19,83,0,1482,1
IC ARO,2026-09-20,20,83,0,1482,0
IC ARO,2026-09-21,10,1373,113,354,96
IC ARO,2026-09-21,11,1449,91,278,15
IC ARO,2026-09-21,12,974,0,753,475
IC ARO,2026-09-21,13,926,42,801,90
IC ARO,2026-09-21,14,940,36,787,22
IC ARO,2026-09-21,15,988,99,739,51
IC ARO,2026-09-21,16,1116,128,611,0
IC ARO,2026-09-21,17,1096,1,631,21
IC ARO,2026-09-21,18,1117,21,610,0
IC ARO,2026-09-21,19,1081,21,646,57
IC ARO,2026-09-21,20,919,0,808,162
IC ARO,2026-09-21,21,919,0,808,0
IC ARO,2026-09-22,11,1622,0,105,0
IC ARO,2026-09-22,12,1601,0,126,21
IC ARO,2026-09-22,13,1601,0,126,0
IC ARO,2026-09-22,14,1601,0,126,0
IC ARO,2026-09-22,15,1586,0,141,15
IC ARO,2026-09-22,16,1586,0,141,0
IC ARO,2026-09-22,17,1586,0,141,0
IC ARO,2026-09-22,18,1586,0,141,0
IC ARO,2026-09-22,19,1509,0,218,77
IC ARO,2026-09-22,20,1509,0,218,0
IC ARO,2026-09-22,21,1432,0,295,77
IC ARO,2026-09-22,22,1342,0,385,90
IC ARO,2026-09-23,12,1520,0,207,61
IC ARO,2026-09-23,13,1475,15,252,60
IC ARO,2026-09-23,14,1475,0,252,0
IC ARO,2026-09-23,15,1475,0,252,0
IC ARO,2026-09-23,16,1490,15,237,0
IC ARO,2026-09-23,17,1505,15,222,0
IC ARO,2026-09-23,18,1505,0,222,0
IC ARO,2026-09-23,19,1473,45,254,77
IC ARO,2026-09-23,20,1302,15,425,186
IC ARO,2026-09-23,21,1287,0,440,15
IC ARO,2026-09-23,22,1287,0,440,0
IC ARO,2026-09-23,23,1302,15,425,0
IC ARO,2026-09-24,13,1135,0,616,0
IC ARO,2026-09-24,14,1190,55,561,0
IC ARO,2026-09-24,15,1218,28,533,0
IC ARO,2026-09-24,16,1280,77,471,15
IC ARO,2026-09-24,17,1295,15,456,0
IC ARO,2026-09-24,18,1295,0,456,0
IC ARO,2026-09-24,19,1154,0,597,141
IC ARO,2026-09-24,20,1199,45,552,0
IC ARO,2026-09-24,21,1199,0,552,0
IC ARO,2026-09-24,22,1214,15,537,0
IC ARO,2026-09-24,23,1193,0,558,21
IC ARO,2026-09-24,24,1193,0,558,0
IC ARO,2026-09-25,14,273,0,1523,21
IC ARO,2026-09-25,15,322,49,1474,0
IC ARO,2026-09-25,16,377,55,1419,0
IC ARO,2026-09-25,17,377,0,1419,0
IC ARO,2026-09-25,18,377,0,1419,0
IC ARO,2026-09-25,19,398,21,1398,0
IC ARO,2026-09-25,20,426,77,1370,49
IC ARO,2026-09-25,21,456,45,1340,15
IC ARO,2026-09-25,22,499,88,1297,45
IC ARO,2026-09-25,23,589,90,1207,0
IC ARO,2026-09-25,24,471,0,1325,118
IC ARO,2026-09-25,25,516,45,1280,0
IC ARO,2026-09-26,15,1037,0,530,15
IC ARO,2026-09-26,16,1037,0,530,0
IC ARO,2026-09-26,17,1037,0,530,0
IC ARO,2026-09-26,18,1037,0,530,0
IC ARO,2026-09-26,19,1037,0,530,0
IC ARO,2026-09-26,20,1027,45,540,55
IC ARO,2026-09-26,21,1082,55,485,0
IC ARO,2026-09-26,22,1082,0,485,0
IC ARO,2026-09-26,23,1152,70,415,0
IC ARO,2026-09-26,24,1175,78,392,55
IC ARO,2026-09-26,25,1082,0,485,93
IC ARO,2026-09-26,26,1176,93,392,0
IC ARO,2026-09-27,16,277,0,1291,0
IC ARO,2026-09-27,17,277,0,1291,0
IC ARO,2026-09-27,18,277,0,1291,0
IC ARO,2026-09-27,19,277,0,1291,0
IC ARO,2026-09-27,20,277,0,1291,0
IC ARO,2026-09-27,21,305,28,1263,0
IC ARO,2026-09-27,22,305,0,1263,0
IC ARO,2026-09-27,23,326,21,1242,0
IC ARO,2026-09-27,24,347,21,1221,0
IC ARO,2026-09-27,25,347,0,1221,0
IC ARO,2026-09-27,26,428,81,1140,0
IC ARO,2026-09-27,27,428,0,1141,0
IC ARO,2026-09-28,17,952,36,745,6
IC ARO,2026-09-28,18,1001,91,696,42
IC ARO,2026-09-28,19,827,0,870,174
IC ARO,2026-09-28,20,848,21,849,0
IC ARO,2026-09-28,21,848,0,849,0
IC ARO,2026-09-28,22,840,28,857,36
IC ARO,2026-09-28,23,840,0,857,0
IC ARO,2026-09-28,24,840,0,857,0
IC ARO,2026-09-28,25,855,15,842,0
IC ARO,2026-09-28,26,827,66,870,94
IC ARO,2026-09-28,27,862,71,835,36
IC ARO,2026-09-28,28,847,0,850,15
IC ARO,2026-09-29,18,1595,15,132,0
IC ARO,2026-09-29,19,1595,0,132,0
IC ARO,2026-09-29,20,1595,0,132,0
IC ARO,2026-09-29,21,1595,0,132,0
IC ARO,2026-09-29,22,1595,0,132,0
IC ARO,2026-09-29,23,1595,0,132,0
IC ARO,2026-09-29,24,1595,0,132,0
IC ARO,2026-09-29,25,1631,36,96,0
IC ARO,2026-09-29,26,1518,0,209,113
IC ARO,2026-09-29,27,1426,0,301,92
IC ARO,2026-09-29,28,1315,0,412,111
IC ARO,2026-09-29,29,1330,15,397,0
IC ARO,2026-09-30,19,1478,0,219,0
IC ARO,2026-09-30,20,1427,0,270,51
IC ARO,2026-09-30,21,1520,93,177,0
IC ARO,2026-09-30,22,1535,15,162,0
IC ARO,2026-09-30,23,1520,0,177,15
IC ARO,2026-09-30,24,1520,0,177,0
IC ARO,2026-09-30,25,1535,15,162,0
IC ARO,2026-09-30,26,1535,0,162,0
IC ARO,2026-09-30,27,1317,0,380,218
IC ARO,2026-09-30,28,1317,0,380,0
IC ARO,2026-09-30,29,1332,15,365,0
IC ARO,2026-09-30,30,13,0,1684,1319
IC ARO,2026-10-01,20,1306,0,415,0
IC ARO,2026-10-01,21,1306,0,415,0
IC ARO,2026-10-01,22,1306,0,415,0
IC ARO,2026-10-01,23,1291,0,430,15
IC ARO,2026-10-01,24,1306,15,415,0
IC ARO,2026-10-01,25,1306,0,415,0
IC ARO,2026-10-01,26,1193,0,528,113
IC ARO,2026-10-01,27,1271,78,450,0
IC ARO,2026-10-01,28,1193,0,528,78
IC ARO,2026-10-01,29,1271,78,450,0
IC ARO,2026-10-01,30,13,0,1708,1258
IC ARO,2026-10-02,21,483,90,1322,66
IC ARO,2026-10-02,22,459,21,1346,45
IC ARO,2026-10-02,23,438,45,1367,66
IC ARO,2026-10-02,24,483,45,1322,0
IC ARO,2026-10-02,25,564,81,1241,0
IC ARO,2026-10-02,26,532,28,1273,60
IC ARO,2026-10-02,27,605,122,1200,49
IC ARO,2026-10-02,28,515,0,1290,90
IC ARO,2026-10-02,29,569,90,1236,36
IC ARO,2026-10-02,30,13,0,1792,556
IC ARO,2026-10-03,22,1295,0,300,0
IC ARO,2026-10-03,23,1295,0,300,0
IC ARO,2026-10-03,24,1295,0,300,0
IC ARO,2026-10-03,25,1274,0,321,21
IC ARO,2026-10-03,26,1379,105,216,0
IC ARO,2026-10-03,27,1364,0,231,15
IC ARO,2026-10-03,28,1364,0,231,0
IC ARO,2026-10-03,29,1400,36,195,0
IC ARO,2026-10-03,30,13,0,1582,1387
IC ARO,2026-10-04,23,269,0,1299,0
IC ARO,2026-10-04,24,269,0,1299,0
IC ARO,2026-10-04,25,269,0,1299,0
IC ARO,2026-10-04,26,290,21,1278,0
IC ARO,2026-10-04,27,290,0,1278,0
IC ARO,2026-10-04,28,290,0,1278,0
IC ARO,2026-10-04,29,290,0,1278,0
IC ARO,2026-10-04,30,7,0,1561,283
IC ARO,2026-10-05,24,1190,21,537,0
IC ARO,2026-10-05,25,1190,0,537,0
IC ARO,2026-10-05,26,986,0,741,204
IC ARO,2026-10-05,27,986,0,741,0
IC ARO,2026-10-05,28,1064,78,663,0
IC ARO,2026-10-05,29,1001,15,726,78
IC ARO,2026-10-05,30,7,0,1720,994
IC ARO,2026-10-06,25,1496,0,231,15
IC ARO,2026-10-06,26,1496,0,231,0
IC ARO,2026-10-06,27,1496,0,231,0
IC ARO,2026-10-06,28,1496,0,231,0
IC ARO,2026-10-06,29,1496,0,231,0
IC ARO,2026-10-06,30,13,0,1714,1483
IC ARO,2026-10-07,26,1490,15,237,15
IC ARO,2026-10-07,27,1505,30,222,15
IC ARO,2026-10-07,28,1505,15,222,15
IC ARO,2026-10-07,29,1490,0,237,15
IC ARO,2026-10-07,30,13,0,1714,1477
IC ARO,2026-10-08,27,1251,0,500,45
IC ARO,2026-10-08,28,1272,21,479,0
IC ARO,2026-10-08,29,1341,90,410,21
IC ARO,2026-10-08,30,13,0,1738,1328
IC ARO,2026-10-09,28,612,73,1208,0
IC ARO,2026-10-09,29,546,0,1274,66
IC ARO,2026-10-09,30,13,0,1807,533
IC ARO,2026-10-10,29,1429,0,238,45
IC ARO,2026-10-10,30,13,0,1654,1416
IC ARO,2026-10-11,30,7,0,1588,277
IC NUIT,2026-09-01,1,69,0,95,43
IC NUIT,2026-09-02,1,76,0,88,67
IC NUIT,2026-09-02,2,76,0,91,3
IC NUIT,2026-09-03,1,76,7,89,60
IC NUIT,2026-09-03,2,69,0,99,10
IC NUIT,2026-09-03,3,69,0,99,0
IC NUIT,2026-09-04,1,0,0,183,73
IC NUIT,2026-09-04,2,0,0,186,0
IC NUIT,2026-09-04,3,0,0,186,0
IC NUIT,2026-09-04,4,0,0,186,0
IC NUIT,2026-09-05,1,0,0,161,61
IC NUIT,2026-09-05,2,0,0,168,0
IC NUIT,2026-09-05,3,0,0,168,0
IC NUIT,2026-09-05,4,0,0,168,0
IC NUIT,2026-09-05,5,0,0,168,0
IC NUIT,2026-09-06,1,2,2,121,40
IC NUIT,2026-09-06,2,0,0,130,2
IC NUIT,2026-09-06,3,0,0,130,0
IC NUIT,2026-09-06,4,0,0,130,0
IC NUIT,2026-09-06,5,0,0,130,0
IC NUIT,2026-09-06,6,0,0,130,0
IC NUIT,2026-09-07,1,76,0,88,43
IC NUIT,2026-09-07,2,76,0,95,0
IC NUIT,2026-09-07,3,76,0,95,0
IC NUIT,2026-09-07,4,62,0,109,14
IC NUIT,2026-09-07,5,53,0,118,9
IC NUIT,2026-09-07,6,53,0,118,0
IC NUIT,2026-09-07,7,53,0,118,0
IC NUIT,2026-09-08,1,76,0,88,67
IC NUIT,2026-09-08,2,76,0,91,3
IC NUIT,2026-09-08,3,76,0,91,0
IC NUIT,2026-09-08,4,76,0,91,0
IC NUIT,2026-09-08,5,76,0,91,0
IC NUIT,2026-09-08,6,76,0,91,0
IC NUIT,2026-09-08,7,76,0,91,0
IC NUIT,2026-09-08,8,69,0,98,7
IC NUIT,2026-09-09,1,76,0,88,67
IC NUIT,2026-09-09,2,76,0,91,3
IC NUIT,2026-09-09,3,76,0,91,0
IC NUIT,2026-09-09,4,63,0,104,13
IC NUIT,2026-09-09,5,63,0,104,0
IC NUIT,2026-09-09,6,63,0,104,0
IC NUIT,2026-09-09,7,47,0,120,16
IC NUIT,2026-09-09,8,47,0,120,0
IC NUIT,2026-09-09,9,47,0,120,0
IC NUIT,2026-09-10,1,40,6,125,57
IC NUIT,2026-09-10,2,40,0,128,3
IC NUIT,2026-09-10,3,40,6,128,6
IC NUIT,2026-09-10,4,34,0,134,6
IC NUIT,2026-09-10,5,40,6,128,0
IC NUIT,2026-09-10,6,34,0,134,6
IC NUIT,2026-09-10,7,40,6,128,0
IC NUIT,2026-09-10,8,40,0,128,0
IC NUIT,2026-09-10,9,34,0,134,6
IC NUIT,2026-09-10,10,25,0,143,9
IC NUIT,2026-09-11,1,0,0,183,51
IC NUIT,2026-09-11,2,0,0,186,3
IC NUIT,2026-09-11,3,0,0,186,0
IC NUIT,2026-09-11,4,0,0,186,0
IC NUIT,2026-09-11,5,0,0,186,0
IC NUIT,2026-09-11,6,0,0,186,0
IC NUIT,2026-09-11,7,0,0,186,0
IC NUIT,2026-09-11,8,0,0,186,0
IC NUIT,2026-09-11,9,0,0,186,0
IC NUIT,2026-09-11,10,0,0,186,0
IC NUIT,2026-09-11,11,0,0,186,0
IC NUIT,2026-09-12,1,0,0,161,116
IC NUIT,2026-09-12,2,0,0,168,4
IC NUIT,2026-09-12,3,0,0,168,0
IC NUIT,2026-09-12,4,0,0,168,0
IC NUIT,2026-09-12,5,0,0,168,0
IC NUIT,2026-09-12,6,0,0,168,0
IC NUIT,2026-09-12,7,0,0,168,0
IC NUIT,2026-09-12,8,0,0,168,0
IC NUIT,2026-09-12,9,0,0,168,0
IC NUIT,2026-09-12,10,0,0,168,0
IC NUIT,2026-09-12,11,0,0,168,0
IC NUIT,2026-09-12,12,0,0,168,0
IC NUIT,2026-09-13,2,0,0,198,2
IC NUIT,2026-09-13,3,0,0,198,0
IC NUIT,2026-09-13,4,0,0,198,0
IC NUIT,2026-09-13,5,0,0,198,0
IC NUIT,2026-09-13,6,0,0,198,0
IC NUIT,2026-09-13,7,0,0,198,0
IC NUIT,2026-09-13,8,0,0,198,0
IC NUIT,2026-09-13,9,0,0,198,0
IC NUIT,2026-09-13,10,0,0,198,0
IC NUIT,2026-09-13,11,0,0,198,0
IC NUIT,2026-09-13,12,0,0,198,0
IC NUIT,2026-09-13,13,0,0,198,0
IC NUIT,2026-09-14,3,69,0,102,7
IC NUIT,2026-09-14,4,47,0,124,22
IC NUIT,2026-09-14,5,40,16,131,23
IC NUIT,2026-09-14,6,47,23,124,16
IC NUIT,2026-09-14,7,40,0,131,7
IC NUIT,2026-09-14,8,24,0,147,16
IC NUIT,2026-09-14,9,24,0,147,0
IC NUIT,2026-09-14,10,24,0,147,0
IC NUIT,2026-09-14,11,31,7,140,0
IC NUIT,2026-09-14,12,9,0,162,22
IC NUIT,2026-09-14,13,9,0,162,0
IC NUIT,2026-09-14,14,9,0,162,0
IC NUIT,2026-09-15,4,54,0,113,22
IC NUIT,2026-09-15,5,76,22,91,0
IC NUIT,2026-09-15,6,53,0,114,23
IC NUIT,2026-09-15,7,53,0,114,0
IC NUIT,2026-09-15,8,53,0,114,0
IC NUIT,2026-09-15,9,47,0,120,6
IC NUIT,2026-09-15,10,69,22,98,0
IC NUIT,2026-09-15,11,69,0,98,0
IC NUIT,2026-09-15,12,18,0,149,51
IC NUIT,2026-09-15,13,18,0,149,0
IC NUIT,2026-09-15,14,18,0,149,0
IC NUIT,2026-09-15,15,18,0,149,0
IC NUIT,2026-09-16,5,47,0,120,0
IC NUIT,2026-09-16,6,47,0,120,0
IC NUIT,2026-09-16,7,41,0,126,6
IC NUIT,2026-09-16,8,41,0,126,0
IC NUIT,2026-09-16,9,47,6,120,0
IC NUIT,2026-09-16,10,47,0,120,0
IC NUIT,2026-09-16,11,47,0,120,0
IC NUIT,2026-09-16,12,34,0,133,13
IC NUIT,2026-09-16,13,41,7,126,0
IC NUIT,2026-09-16,14,34,0,133,7
IC NUIT,2026-09-16,15,41,7,126,0
IC NUIT,2026-09-16,16,41,0,126,0
IC NUIT,2026-09-17,6,32,7,106,6
IC NUIT,2026-09-17,7,25,0,113,7
IC NUIT,2026-09-17,8,31,6,107,0
IC NUIT,2026-09-17,9,38,7,100,0
IC NUIT,2026-09-17,10,32,0,106,6
IC NUIT,2026-09-17,11,38,6,100,0
IC NUIT,2026-09-17,12,9,0,129,29
IC NUIT,2026-09-17,13,9,0,129,0
IC NUIT,2026-09-17,14,9,0,129,0
IC NUIT,2026-09-17,15,9,0,129,0
IC NUIT,2026-09-17,16,9,0,129,0
IC NUIT,2026-09-17,17,16,7,122,0
IC NUIT,2026-09-18,7,0,0,150,0
IC NUIT,2026-09-18,8,0,0,150,0
IC NUIT,2026-09-18,9,0,0,150,0
IC NUIT,2026-09-18,10,0,0,150,0
IC NUIT,2026-09-18,11,0,0,150,0
IC NUIT,2026-09-18,12,0,0,150,0
IC NUIT,2026-09-18,13,0,0,150,0
IC NUIT,2026-09-18,14,0,0,150,0
IC NUIT,2026-09-18,15,0,0,150,0
IC NUIT,2026-09-18,16,0,0,150,0
IC NUIT,2026-09-18,17,0,0,150,0
IC NUIT,2026-09-18,18,0,0,150,0
IC NUIT,2026-09-19,8,0,0,136,0
IC NUIT,2026-09-19,9,0,0,136,0
IC NUIT,2026-09-19,10,0,0,136,0
IC NUIT,2026-09-19,11,0,0,136,0
IC NUIT,2026-09-19,12,0,0,136,0
IC NUIT,2026-09-19,13,0,0,136,0
IC NUIT,2026-09-19,14,0,0,136,0
IC NUIT,2026-09-19,15,0,0,136,0
IC NUIT,2026-09-19,16,0,0,136,0
IC NUIT,2026-09-19,17,0,0,136,0
IC NUIT,2026-09-19,18,0,0,136,0
IC NUIT,2026-09-19,19,0,0,136,0
IC NUIT,2026-09-20,9,0,0,153,0
IC NUIT,2026-09-20,10,0,0,153,0
IC NUIT,2026-09-20,11,0,0,153,0
IC NUIT,2026-09-20,12,0,0,153,0
IC NUIT,2026-09-20,13,0,0,153,0
IC NUIT,2026-09-20,14,0,0,153,0
IC NUIT,2026-09-20,15,0,0,153,0
IC NUIT,2026-09-20,16,0,0,153,0
IC NUIT,2026-09-20,17,0,0,153,0
IC NUIT,2026-09-20,18,0,0,153,0
IC NUIT,2026-09-20,19,0,0,153,0
IC NUIT,2026-09-20,20,0,0,153,0
IC NUIT,2026-09-21,10,42,0,97,0
IC NUIT,2026-09-21,11,42,0,97,0
IC NUIT,2026-09-21,12,35,0,104,7
IC NUIT,2026-09-21,13,29,0,110,6
IC NUIT,2026-09-21,14,29,0,110,0
IC NUIT,2026-09-21,15,29,0,110,0
IC NUIT,2026-09-21,16,13,0,126,16
IC NUIT,2026-09-21,17,13,0,126,0
IC NUIT,2026-09-21,18,29,16,110,0
IC NUIT,2026-09-21,19,29,0,110,0
IC NUIT,2026-09-21,20,42,13,97,0
IC NUIT,2026-09-21,21,35,0,104,7
IC NUIT,2026-09-22,11,65,0,77,7
IC NUIT,2026-09-22,12,58,0,84,7
IC NUIT,2026-09-22,13,42,0,100,16
IC NUIT,2026-09-22,14,42,0,100,0
IC NUIT,2026-09-22,15,42,0,100,0
IC NUIT,2026-09-22,16,42,0,100,0
IC NUIT,2026-09-22,17,58,16,84,0
IC NUIT,2026-09-22,18,65,7,77,0
IC NUIT,2026-09-22,19,58,0,84,7
IC NUIT,2026-09-22,20,65,7,77,0
IC NUIT,2026-09-22,21,58,0,84,7
IC NUIT,2026-09-22,22,65,7,77,0
IC NUIT,2026-09-23,12,42,0,100,7
IC NUIT,2026-09-23,13,42,0,100,0
IC NUIT,2026-09-23,14,42,0,100,0
IC NUIT,2026-09-23,15,36,0,106,6
IC NUIT,2026-09-23,16,36,0,106,0
IC NUIT,2026-09-23,17,36,0,106,0
IC NUIT,2026-09-23,18,36,0,106,0
IC NUIT,2026-09-23,19,42,6,100,0
IC NUIT,2026-09-23,20,42,0,100,0
IC NUIT,2026-09-23,21,42,0,100,0
IC NUIT,2026-09-23,22,42,0,100,0
IC NUIT,2026-09-23,23,42,0,100,0
IC NUIT,2026-09-24,13,29,6,107,0
IC NUIT,2026-09-24,14,23,0,113,6
IC NUIT,2026-09-24,15,23,0,113,0
IC NUIT,2026-09-24,16,7,0,129,16
IC NUIT,2026-09-24,17,13,6,123,0
IC NUIT,2026-09-24,18,7,0,129,6
IC NUIT,2026-09-24,19,7,0,129,0
IC NUIT,2026-09-24,20,7,0,129,0
IC NUIT,2026-09-24,21,13,6,123,0
IC NUIT,2026-09-24,22,13,0,123,0
IC NUIT,2026-09-24,23,29,16,107,0
IC NUIT,2026-09-24,24,29,0,107,0
IC NUIT,2026-09-25,14,0,0,157,0
IC NUIT,2026-09-25,15,0,0,157,0
IC NUIT,2026-09-25,16,0,0,157,0
IC NUIT,2026-09-25,17,0,0,157,0
IC NUIT,2026-09-25,18,0,0,157,0
IC NUIT,2026-09-25,19,0,0,157,0
IC NUIT,2026-09-25,20,0,0,157,0
IC NUIT,2026-09-25,21,0,0,157,0
IC NUIT,2026-09-25,22,0,0,157,0
IC NUIT,2026-09-25,23,0,0,157,0
IC NUIT,2026-09-25,24,0,0,157,0
IC NUIT,2026-09-25,25,0,0,157,0
IC NUIT,2026-09-26,15,0,0,7,0
IC NUIT,2026-09-26,16,0,0,7,0
IC NUIT,2026-09-26,17,0,0,7,0
IC NUIT,2026-09-26,18,0,0,7,0
IC NUIT,2026-09-26,19,0,0,7,0
IC NUIT,2026-09-26,20,0,0,7,0
IC NUIT,2026-09-26,21,0,0,7,0
IC NUIT,2026-09-26,22,0,0,7,0
IC NUIT,2026-09-26,23,0,0,7,0
IC NUIT,2026-09-26,24,0,0,7,0
IC NUIT,2026-09-26,25,0,0,7,0
IC NUIT,2026-09-26,26,0,0,7,0
IC NUIT,2026-09-27,16,0,0,105,0
IC NUIT,2026-09-27,17,0,0,105,0
IC NUIT,2026-09-27,18,0,0,105,0
IC NUIT,2026-09-27,19,0,0,105,0
IC NUIT,2026-09-27,20,0,0,105,0
IC NUIT,2026-09-27,21,0,0,105,0
IC NUIT,2026-09-27,22,0,0,105,0
IC NUIT,2026-09-27,23,0,0,105,0
IC NUIT,2026-09-27,24,0,0,105,0
IC NUIT,2026-09-27,25,0,0,105,0
IC NUIT,2026-09-27,26,0,0,105,0
IC NUIT,2026-09-27,27,0,0,105,0
IC NUIT,2026-09-28,17,23,16,68,0
IC NUIT,2026-09-28,18,23,0,68,0
IC NUIT,2026-09-28,19,23,0,68,0
IC NUIT,2026-09-28,20,23,0,68,0
IC NUIT,2026-09-28,21,7,0,84,16
IC NUIT,2026-09-28,22,23,16,68,0
IC NUIT,2026-09-28,23,23,0,68,0
IC NUIT,2026-09-28,24,7,0,84,16
IC NUIT,2026-09-28,25,23,16,68,0
IC NUIT,2026-09-28,26,23,0,68,0
IC NUIT,2026-09-28,27,23,0,68,0
IC NUIT,2026-09-28,28,23,0,68,0
IC NUIT,2026-09-29,18,14,0,80,0
IC NUIT,2026-09-29,19,14,0,80,0
IC NUIT,2026-09-29,20,21,7,73,0
IC NUIT,2026-09-29,21,21,0,73,0
IC NUIT,2026-09-29,22,14,0,80,7
IC NUIT,2026-09-29,23,14,0,80,0
IC NUIT,2026-09-29,24,21,7,73,0
IC NUIT,2026-09-29,25,21,0,73,0
IC NUIT,2026-09-29,26,21,0,73,0
IC NUIT,2026-09-29,27,14,0,80,7
IC NUIT,2026-09-29,28,14,0,80,0
IC NUIT,2026-09-29,29,14,0,80,0
IC NUIT,2026-09-30,19,30,16,64,0
IC NUIT,2026-09-30,20,30,0,64,0
IC NUIT,2026-09-30,21,30,0,64,0
IC NUIT,2026-09-30,22,30,0,64,0
IC NUIT,2026-09-30,23,30,0,64,0
IC NUIT,2026-09-30,24,14,0,80,16
IC NUIT,2026-09-30,25,14,0,80,0
IC NUIT,2026-09-30,26,14,0,80,0
IC NUIT,2026-09-30,27,30,16,64,0
IC NUIT,2026-09-30,28,30,0,64,0
IC NUIT,2026-09-30,29,14,0,80,16
IC NUIT,2026-09-30,30,0,0,94,14
IC NUIT,2026-10-01,20,7,0,81,0
IC NUIT,2026-10-01,21,7,0,81,0
IC NUIT,2026-10-01,22,7,0,81,0
IC NUIT,2026-10-01,23,7,0,81,0
IC NUIT,2026-10-01,24,7,0,81,0
IC NUIT,2026-10-01,25,7,0,81,0
IC NUIT,2026-10-01,26,7,0,81,0
IC NUIT,2026-10-01,27,7,0,81,0
IC NUIT,2026-10-01,28,7,0,81,0
IC NUIT,2026-10-01,29,7,0,81,0
IC NUIT,2026-10-01,30,0,0,88,7
IC NUIT,2026-10-02,21,0,0,157,0
IC NUIT,2026-10-02,22,0,0,157,0
IC NUIT,2026-10-02,23,0,0,157,0
IC NUIT,2026-10-02,24,0,0,157,0
IC NUIT,2026-10-02,25,0,0,157,0
IC NUIT,2026-10-02,26,0,0,157,0
IC NUIT,2026-10-02,27,0,0,157,0
IC NUIT,2026-10-02,28,0,0,157,0
IC NUIT,2026-10-02,29,0,0,157,0
IC NUIT,2026-10-02,30,0,0,157,0
IC NUIT,2026-10-03,22,0,0,7,0
IC NUIT,2026-10-03,23,0,0,7,0
IC NUIT,2026-10-03,24,0,0,7,0
IC NUIT,2026-10-03,25,0,0,7,0
IC NUIT,2026-10-03,26,0,0,7,0
IC NUIT,2026-10-03,27,0,0,7,0
IC NUIT,2026-10-03,28,0,0,7,0
IC NUIT,2026-10-03,29,0,0,7,0
IC NUIT,2026-10-03,30,0,0,7,0
IC NUIT,2026-10-04,23,0,0,153,0
IC NUIT,2026-10-04,24,0,0,153,0
IC NUIT,2026-10-04,25,0,0,153,0
IC NUIT,2026-10-04,26,0,0,153,0
IC NUIT,2026-10-04,27,0,0,153,0
IC NUIT,2026-10-04,28,0,0,153,0
IC NUIT,2026-10-04,29,0,0,153,0
IC NUIT,2026-10-04,30,0,0,153,0
IC NUIT,2026-10-05,24,6,0,126,0
IC NUIT,2026-10-05,25,6,0,126,0
IC NUIT,2026-10-05,26,0,0,132,6
IC NUIT,2026-10-05,27,0,0,132,0
IC NUIT,2026-10-05,28,0,0,132,0
IC NUIT,2026-10-05,29,0,0,132,0
IC NUIT,2026-10-05,30,0,0,125,0
IC NUIT,2026-10-06,25,16,0,112,0
IC NUIT,2026-10-06,26,16,0,112,0
IC NUIT,2026-10-06,27,16,0,112,0
IC NUIT,2026-10-06,28,16,0,112,0
IC NUIT,2026-10-06,29,16,0,112,0
IC NUIT,2026-10-06,30,0,0,128,16
IC NUIT,2026-10-07,26,0,0,128,0
IC NUIT,2026-10-07,27,7,7,121,0
IC NUIT,2026-10-07,28,7,0,121,0
IC NUIT,2026-10-07,29,7,0,121,0
IC NUIT,2026-10-07,30,0,0,128,7
IC NUIT,2026-10-08,27,0,0,128,0
IC NUIT,2026-10-08,28,0,0,128,0
IC NUIT,2026-10-08,29,0,0,128,0
IC NUIT,2026-10-08,30,0,0,128,0
IC NUIT,2026-10-09,28,0,0,146,0
IC NUIT,2026-10-09,29,0,0,146,0
IC NUIT,2026-10-09,30,0,0,146,0
IC NUIT,2026-10-10,29,0,0,134,0
IC NUIT,2026-10-10,30,0,0,134,0
IC NUIT,2026-10-11,30,0,0,119,0
IC SRO,2026-09-01,1,0,0,1486,0
IC SRO,2026-09-02,1,0,0,1354,0
IC SRO,2026-09-02,2,0,0,1354,0
IC SRO,2026-09-03,1,0,0,1354,0
IC SRO,2026-09-03,2,0,0,1354,0
IC SRO,2026-09-03,3,0,0,1354,0
IC SRO,2026-09-04,1,0,0,1420,0
IC SRO,2026-09-04,2,0,0,1420,0
IC SRO,2026-09-04,3,0,0,1420,0
IC SRO,2026-09-04,4,0,0,1420,0
IC SRO,2026-09-05,1,0,0,1486,0
IC SRO,2026-09-05,2,0,0,1486,0
IC SRO,2026-09-05,3,0,0,1486,0
IC SRO,2026-09-05,4,0,0,1486,0
IC SRO,2026-09-05,5,0,0,1486,0
IC SRO,2026-09-06,1,0,0,1486,0
IC SRO,2026-09-06,2,0,0,1486,0
IC SRO,2026-09-06,3,0,0,1486,0
IC SRO,2026-09-06,4,0,0,1486,0
IC SRO,2026-09-06,5,0,0,1486,0
IC SRO,2026-09-06,6,0,0,1486,0
IC SRO,2026-09-07,1,0,0,1478,0
IC SRO,2026-09-07,2,0,0,1478,0
IC SRO,2026-09-07,3,0,0,1478,0
IC SRO,2026-09-07,4,0,0,1478,0
IC SRO,2026-09-07,5,0,0,1478,0
IC SRO,2026-09-07,6,0,0,1478,0
IC SRO,2026-09-07,7,0,0,1478,0
IC SRO,2026-09-08,1,0,0,1478,0
IC SRO,2026-09-08,2,0,0,1478,0
IC SRO,2026-09-08,3,0,0,1478,0
IC SRO,2026-09-08,4,0,0,1478,0
IC SRO,2026-09-08,5,0,0,1478,0
IC SRO,2026-09-08,6,0,0,1478,0
IC SRO,2026-09-08,7,0,0,1478,0
IC SRO,2026-09-08,8,0,0,1478,0
IC SRO,2026-09-09,1,0,0,1478,0
IC SRO,2026-09-09,2,0,0,1478,0
IC SRO,2026-09-09,3,0,0,1478,0
IC SRO,2026-09-09,4,0,0,1478,0
IC SRO,2026-09-09,5,0,0,1478,0
IC SRO,2026-09-09,6,0,0,1478,0
IC SRO,2026-09-09,7,0,0,1478,0
IC SRO,2026-09-09,8,0,0,1478,0
IC SRO,2026-09-09,9,0,0,1478,0
IC SRO,2026-09-10,1,0,0,1478,0
IC SRO,2026-09-10,2,0,0,1478,0
IC SRO,2026-09-10,3,0,0,1478,0
IC SRO,2026-09-10,4,0,0,1478,0
IC SRO,2026-09-10,5,0,0,1478,0
IC SRO,2026-09-10,6,0,0,1478,0
IC SRO,2026-09-10,7,0,0,1478,0
IC SRO,2026-09-10,8,0,0,1478,0
IC SRO,2026-09-10,9,0,0,1478,0
IC SRO,2026-09-10,10,0,0,1478,0
IC SRO,2026-09-11,1,0,0,1486,0
IC SRO,2026-09-11,2,0,0,1486,0
IC SRO,2026-09-11,3,0,0,1486,0
IC SRO,2026-09-11,4,0,0,1486,0
IC SRO,2026-09-11,5,0,0,1486,0
IC SRO,2026-09-11,6,0,0,1486,0
IC SRO,2026-09-11,7,0,0,1486,0
IC SRO,2026-09-11,8,0,0,1486,0
IC SRO,2026-09-11,9,0,0,1486,0
IC SRO,2026-09-11,10,0,0,1486,0
IC SRO,2026-09-11,11,0,0,1486,0
IC SRO,2026-09-12,1,0,0,1486,0
IC SRO,2026-09-12,2,0,0,1486,0
IC SRO,2026-09-12,3,0,0,1486,0
IC SRO,2026-09-12,4,0,0,1486,0
IC SRO,2026-09-12,5,0,0,1486,0
IC SRO,2026-09-12,6,0,0,1486,0
IC SRO,2026-09-12,7,0,0,1486,0
IC SRO,2026-09-12,8,0,0,1486,0
IC SRO,2026-09-12,9,0,0,1486,0
IC SRO,2026-09-12,10,0,0,1486,0
IC SRO,2026-09-12,11,0,0,1486,0
IC SRO,2026-09-12,12,0,0,1486,0
IC SRO,2026-09-13,2,0,0,1486,0
IC SRO,2026-09-13,3,0,0,1486,0
IC SRO,2026-09-13,4,0,0,1486,0
IC SRO,2026-09-13,5,0,0,1486,0
IC SRO,2026-09-13,6,0,0,1486,0
IC SRO,2026-09-13,7,0,0,1486,0
IC SRO,2026-09-13,8,0,0,1486,0
IC SRO,2026-09-13,9,0,0,1486,0
IC SRO,2026-09-13,10,0,0,1486,0
IC SRO,2026-09-13,11,0,0,1486,0
IC SRO,2026-09-13,12,0,0,1486,0
IC SRO,2026-09-13,13,0,0,1486,0
IC SRO,2026-09-14,3,0,0,1478,0
IC SRO,2026-09-14,4,0,0,1478,0
IC SRO,2026-09-14,5,0,0,1478,0
IC SRO,2026-09-14,6,0,0,1478,0
IC SRO,2026-09-14,7,0,0,1478,0
IC SRO,2026-09-14,8,0,0,1478,0
IC SRO,2026-09-14,9,0,0,1478,0
IC SRO,2026-09-14,10,0,0,1478,0
IC SRO,2026-09-14,11,0,0,1478,0
IC SRO,2026-09-14,12,0,0,1478,0
IC SRO,2026-09-14,13,0,0,1478,0
IC SRO,2026-09-14,14,0,0,1478,0
IC SRO,2026-09-15,4,0,0,1478,0
IC SRO,2026-09-15,5,0,0,1478,0
IC SRO,2026-09-15,6,0,0,1478,0
IC SRO,2026-09-15,7,0,0,1478,0
IC SRO,2026-09-15,8,0,0,1478,0
IC SRO,2026-09-15,9,0,0,1478,0
IC SRO,2026-09-15,10,0,0,1478,0
IC SRO,2026-09-15,11,0,0,1478,0
IC SRO,2026-09-15,12,0,0,1478,0
IC SRO,2026-09-15,13,0,0,1478,0
IC SRO,2026-09-15,14,0,0,1478,0
IC SRO,2026-09-15,15,0,0,1478,0
IC SRO,2026-09-16,5,0,0,1478,0
IC SRO,2026-09-16,6,0,0,1478,0
IC SRO,2026-09-16,7,0,0,1478,0
IC SRO,2026-09-16,8,0,0,1478,0
IC SRO,2026-09-16,9,0,0,1478,0
IC SRO,2026-09-16,10,0,0,1478,0
IC SRO,2026-09-16,11,0,0,1478,0
IC SRO,2026-09-16,12,0,0,1478,0
IC SRO,2026-09-16,13,0,0,1478,0
IC SRO,2026-09-16,14,0,0,1478,0
IC SRO,2026-09-16,15,0,0,1478,0
IC SRO,2026-09-16,16,0,0,1478,0
IC SRO,2026-09-17,6,0,0,1478,0
IC SRO,2026-09-17,7,0,0,1478,0
IC SRO,2026-09-17,8,0,0,1478,0
IC SRO,2026-09-17,9,0,0,1478,0
IC SRO,2026-09-17,10,0,0,1478,0
IC SRO,2026-09-17,11,0,0,1478,0
IC SRO,2026-09-17,12,0,0,1478,0
IC SRO,2026-09-17,13,0,0,1478,0
IC SRO,2026-09-17,14,0,0,1478,0
IC SRO,2026-09-17,15,0,0,1478,0
IC SRO,2026-09-17,16,0,0,1478,0
IC SRO,2026-09-17,17,0,0,1478,0
IC SRO,2026-09-18,7,0,0,1486,0
IC SRO,2026-09-18,8,0,0,1486,0
IC SRO,2026-09-18,9,0,0,1486,0
IC SRO,2026-09-18,10,0,0,1486,0
IC SRO,2026-09-18,11,0,0,1486,0
IC SRO,2026-09-18,12,0,0,1486,0
IC SRO,2026-09-18,13,0,0,1486,0
IC SRO,2026-09-18,14,0,0,1486,0
IC SRO,2026-09-18,15,0,0,1486,0
IC SRO,2026-09-18,16,0,0,1486,0
IC SRO,2026-09-18,17,0,0,1486,0
IC SRO,2026-09-18,18,0,0,1486,0
IC SRO,2026-09-19,8,0,0,1486,0
IC SRO,2026-09-19,9,0,0,1486,0
IC SRO,2026-09-19,10,0,0,1486,0
IC SRO,2026-09-19,11,0,0,1486,0
IC SRO,2026-09-19,12,0,0,1486,0
IC SRO,2026-09-19,13,0,0,1486,0
IC SRO,2026-09-19,14,0,0,1486,0
IC SRO,2026-09-19,15,0,0,1486,0
IC SRO,2026-09-19,16,0,0,1486,0
IC SRO,2026-09-19,17,0,0,1486,0
IC SRO,2026-09-19,18,0,0,1486,0
IC SRO,2026-09-19,19,0,0,1486,0
IC SRO,2026-09-20,9,0,0,1486,0
IC SRO,2026-09-20,10,0,0,1486,0
IC SRO,2026-09-20,11,0,0,1486,0
IC SRO,2026-09-20,12,0,0,1486,0
IC SRO,2026-09-20,13,0,0,1486,0
IC SRO,2026-09-20,14,0,0,1486,0
IC SRO,2026-09-20,15,0,0,1486,0
IC SRO,2026-09-20,16,0,0,1486,0
IC SRO,2026-09-20,17,0,0,1486,0
IC SRO,2026-09-20,18,0,0,1486,0
IC SRO,2026-09-20,19,0,0,1486,0
IC SRO,2026-09-20,20,0,0,1486,0
IC SRO,2026-09-21,10,0,0,1343,0
IC SRO,2026-09-21,11,0,0,1343,0
IC SRO,2026-09-21,12,0,0,1343,0
IC SRO,2026-09-21,13,0,0,1343,0
IC SRO,2026-09-21,14,0,0,1343,0
IC SRO,2026-09-21,15,0,0,1343,0
IC SRO,2026-09-21,16,0,0,1343,0
IC SRO,2026-09-21,17,0,0,1343,0
IC SRO,2026-09-21,18,0,0,1343,0
IC SRO,2026-09-21,19,0,0,1343,0
IC SRO,2026-09-21,20,0,0,1343,0
IC SRO,2026-09-21,21,0,0,1343,0
IC SRO,2026-09-22,11,0,0,1343,0
IC SRO,2026-09-22,12,0,0,1343,0
IC SRO,2026-09-22,13,0,0,1343,0
IC SRO,2026-09-22,14,0,0,1343,0
IC SRO,2026-09-22,15,0,0,1343,0
IC SRO,2026-09-22,16,0,0,1343,0
IC SRO,2026-09-22,17,0,0,1343,0
IC SRO,2026-09-22,18,0,0,1343,0
IC SRO,2026-09-22,19,0,0,1343,0
IC SRO,2026-09-22,20,0,0,1343,0
IC SRO,2026-09-22,21,0,0,1343,0
IC SRO,2026-09-22,22,0,0,1343,0
IC SRO,2026-09-23,12,0,0,1343,0
IC SRO,2026-09-23,13,0,0,1343,0
IC SRO,2026-09-23,14,0,0,1343,0
IC SRO,2026-09-23,15,0,0,1343,0
IC SRO,2026-09-23,16,0,0,1343,0
IC SRO,2026-09-23,17,0,0,1343,0
IC SRO,2026-09-23,18,0,0,1343,0
IC SRO,2026-09-23,19,0,0,1343,0
IC SRO,2026-09-23,20,0,0,1343,0
IC SRO,2026-09-23,21,0,0,1343,0
IC SRO,2026-09-23,22,0,0,1343,0
IC SRO,2026-09-23,23,0,0,1343,0
IC SRO,2026-09-24,13,0,0,1343,0
IC SRO,2026-09-24,14,0,0,1343,0
IC SRO,2026-09-24,15,0,0,1343,0
IC SRO,2026-09-24,16,0,0,1343,0
IC SRO,2026-09-24,17,0,0,1343,0
IC SRO,2026-09-24,18,0,0,1343,0
IC SRO,2026-09-24,19,0,0,1343,0
IC SRO,2026-09-24,20,0,0,1343,0
IC SRO,2026-09-24,21,0,0,1343,0
IC SRO,2026-09-24,22,0,0,1343,0
IC SRO,2026-09-24,23,0,0,1343,0
IC SRO,2026-09-24,24,0,0,1343,0
IC SRO,2026-09-25,14,0,0,1351,0
IC SRO,2026-09-25,15,0,0,1351,0
IC SRO,2026-09-25,16,0,0,1351,0
IC SRO,2026-09-25,17,0,0,1351,0
IC SRO,2026-09-25,18,0,0,1351,0
IC SRO,2026-09-25,19,0,0,1351,0
IC SRO,2026-09-25,20,0,0,1351,0
IC SRO,2026-09-25,21,0,0,1351,0
IC SRO,2026-09-25,22,0,0,1351,0
IC SRO,2026-09-25,23,0,0,1351,0
IC SRO,2026-09-25,24,0,0,1351,0
IC SRO,2026-09-25,25,0,0,1351,0
IC SRO,2026-09-26,15,0,0,1486,0
IC SRO,2026-09-26,16,0,0,1486,0
IC SRO,2026-09-26,17,0,0,1486,0
IC SRO,2026-09-26,18,0,0,1486,0
IC SRO,2026-09-26,19,0,0,1486,0
IC SRO,2026-09-26,20,0,0,1486,0
IC SRO,2026-09-26,21,0,0,1486,0
IC SRO,2026-09-26,22,0,0,1486,0
IC SRO,2026-09-26,23,0,0,1486,0
IC SRO,2026-09-26,24,0,0,1486,0
IC SRO,2026-09-26,25,0,0,1486,0
IC SRO,2026-09-26,26,0,0,1486,0
IC SRO,2026-09-27,16,0,0,1486,0
IC SRO,2026-09-27,17,0,0,1486,0
IC SRO,2026-09-27,18,0,0,1486,0
IC SRO,2026-09-27,19,0,0,1486,0
IC SRO,2026-09-27,20,0,0,1486,0
IC SRO,2026-09-27,21,0,0,1486,0
IC SRO,2026-09-27,22,0,0,1486,0
IC SRO,2026-09-27,23,0,0,1486,0
IC SRO,2026-09-27,24,0,0,1486,0
IC SRO,2026-09-27,25,0,0,1486,0
IC SRO,2026-09-27,26,0,0,1486,0
IC SRO,2026-09-27,27,0,0,1486,0
IC SRO,2026-09-28,17,0,0,1367,0
IC SRO,2026-09-28,18,0,0,1367,0
IC SRO,2026-09-28,19,0,0,1367,0
IC SRO,2026-09-28,20,0,0,1367,0
IC SRO,2026-09-28,21,0,0,1367,0
IC SRO,2026-09-28,22,0,0,1367,0
IC SRO,2026-09-28,23,0,0,1367,0
IC SRO,2026-09-28,24,0,0,1367,0
IC SRO,2026-09-28,25,0,0,1367,0
IC SRO,2026-09-28,26,0,0,1367,0
IC SRO,2026-09-28,27,0,0,1367,0
IC SRO,2026-09-28,28,0,0,1367,0
IC SRO,2026-09-29,18,0,0,1367,0
IC SRO,2026-09-29,19,0,0,1367,0
IC SRO,2026-09-29,20,0,0,1367,0
IC SRO,2026-09-29,21,0,0,1367,0
IC SRO,2026-09-29,22,0,0,1367,0
IC SRO,2026-09-29,23,0,0,1367,0
IC SRO,2026-09-29,24,0,0,1367,0
IC SRO,2026-09-29,25,0,0,1367,0
IC SRO,2026-09-29,26,0,0,1367,0
IC SRO,2026-09-29,27,0,0,1367,0
IC SRO,2026-09-29,28,0,0,1367,0
IC SRO,2026-09-29,29,0,0,1367,0
IC SRO,2026-09-30,19,0,0,1367,0
IC SRO,2026-09-30,20,0,0,1367,0
IC SRO,2026-09-30,21,0,0,1367,0
IC SRO,2026-09-30,22,0,0,1367,0
IC SRO,2026-09-30,23,0,0,1367,0
IC SRO,2026-09-30,24,0,0,1367,0
IC SRO,2026-09-30,25,0,0,1367,0
IC SRO,2026-09-30,26,0,0,1367,0
IC SRO,2026-09-30,27,0,0,1367,0
IC SRO,2026-09-30,28,0,0,1367,0
IC SRO,2026-09-30,29,0,0,1367,0
IC SRO,2026-09-30,30,0,0,1367,0
IC SRO,2026-10-01,20,0,0,1367,0
IC SRO,2026-10-01,21,0,0,1367,0
IC SRO,2026-10-01,22,0,0,1367,0
IC SRO,2026-10-01,23,0,0,1367,0
IC SRO,2026-10-01,24,0,0,1367,0
IC SRO,2026-10-01,25,0,0,1367,0
IC SRO,2026-10-01,26,0,0,1367,0
IC SRO,2026-10-01,27,0,0,1367,0
IC SRO,2026-10-01,28,0,0,1367,0
IC SRO,2026-10-01,29,0,0,1367,0
IC SRO,2026-10-01,30,0,0,1367,0
IC SRO,2026-10-02,21,0,0,1375,0
IC SRO,2026-10-02,22,0,0,1375,0
IC SRO,2026-10-02,23,0,0,1375,0
IC SRO,2026-10-02,24,0,0,1375,0
IC SRO,2026-10-02,25,0,0,1375,0
IC SRO,2026-10-02,26,0,0,1375,0
IC SRO,2026-10-02,27,0,0,1375,0
IC SRO,2026-10-02,28,0,0,1375,0
IC SRO,2026-10-02,29,0,0,1375,0
IC SRO,2026-10-02,30,0,0,1375,0
IC SRO,2026-10-03,22,0,0,1462,0
IC SRO,2026-10-03,23,0,0,1462,0
IC SRO,2026-10-03,24,0,0,1462,0
IC SRO,2026-10-03,25,0,0,1462,0
IC SRO,2026-10-03,26,0,0,1462,0
IC SRO,2026-10-03,27,0,0,1462,0
IC SRO,2026-10-03,28,0,0,1462,0
IC SRO,2026-10-03,29,0,0,1462,0
IC SRO,2026-10-03,30,0,0,1462,0
IC SRO,2026-10-04,23,0,0,1462,0
IC SRO,2026-10-04,24,0,0,1462,0
IC SRO,2026-10-04,25,0,0,1462,0
IC SRO,2026-10-04,26,0,0,1462,0
IC SRO,2026-10-04,27,0,0,1462,0
IC SRO,2026-10-04,28,0,0,1462,0
IC SRO,2026-10-04,29,0,0,1462,0
IC SRO,2026-10-04,30,0,0,1462,0
IC SRO,2026-10-05,24,0,0,1375,0
IC SRO,2026-10-05,25,0,0,1375,0
IC SRO,2026-10-05,26,0,0,1375,0
IC SRO,2026-10-05,27,0,0,1375,0
IC SRO,2026-10-05,28,0,0,1375,0
IC SRO,2026-10-05,29,0,0,1375,0
IC SRO,2026-10-05,30,0,0,1375,0
IC SRO,2026-10-06,25,0,0,1375,0
IC SRO,2026-10-06,26,0,0,1375,0
IC SRO,2026-10-06,27,0,0,1375,0
IC SRO,2026-10-06,28,0,0,1375,0
IC SRO,2026-10-06,29,0,0,1375,0
IC SRO,2026-10-06,30,0,0,1375,0
IC SRO,2026-10-07,26,0,0,1375,0
IC SRO,2026-10-07,27,0,0,1375,0
IC SRO,2026-10-07,28,0,0,1375,0
IC SRO,2026-10-07,29,0,0,1375,0
IC SRO,2026-10-07,30,0,0,1375,0
IC SRO,2026-10-08,27,0,0,1375,0
IC SRO,2026-10-08,28,0,0,1375,0
IC SRO,2026-10-08,29,0,0,1375,0
IC SRO,2026-10-08,30,0,0,1375,0
IC SRO,2026-10-09,28,0,0,1375,0
IC SRO,2026-10-09,29,0,0,1375,0
IC SRO,2026-10-09,30,0,0,1375,0
IC SRO,2026-10-10,29,0,0,1486,0
IC SRO,2026-10-10,30,0,0,1486,0
IC SRO,2026-10-11,30,0,0,1486,0
INTERNATIONAL,2026-09-01,1,55,0,710,2
INTERNATIONAL,2026-09-02,1,65,0,700,0
INTERNATIONAL,2026-09-02,2,61,0,704,4
INTERNATIONAL,2026-09-03,1,46,0,757,9
INTERNATIONAL,2026-09-03,2,45,5,758,6
INTERNATIONAL,2026-09-03,3,42,0,761,3
INTERNATIONAL,2026-09-04,1,65,4,774,4
INTERNATIONAL,2026-09-04,2,65,3,774,3
INTERNATIONAL,2026-09-04,3,57,0,782,8
INTERNATIONAL,2026-09-04,4,53,0,786,4
INTERNATIONAL,2026-09-05,1,76,3,719,3
INTERNATIONAL,2026-09-05,2,79,4,716,1
INTERNATIONAL,2026-09-05,3,68,0,727,11
INTERNATIONAL,2026-09-05,4,66,0,729,2
INTERNATIONAL,2026-09-05,5,71,5,724,0
INTERNATIONAL,2026-09-06,1,19,0,779,7
INTERNATIONAL,2026-09-06,2,16,0,782,3
INTERNATIONAL,2026-09-06,3,11,2,787,7
INTERNATIONAL,2026-09-06,4,14,3,784,0
INTERNATIONAL,2026-09-06,5,11,0,787,3
INTERNATIONAL,2026-09-06,6,11,0,787,0
INTERNATIONAL,2026-09-07,1,38,0,713,2
INTERNATIONAL,2026-09-07,2,31,2,720,9
INTERNATIONAL,2026-09-07,3,27,0,724,4
INTERNATIONAL,2026-09-07,4,27,0,724,0
INTERNATIONAL,2026-09-07,5,27,0,724,0
INTERNATIONAL,2026-09-07,6,25,0,726,2
INTERNATIONAL,2026-09-07,7,19,0,732,6
INTERNATIONAL,2026-09-08,1,50,0,668,0
INTERNATIONAL,2026-09-08,2,46,0,672,4
INTERNATIONAL,2026-09-08,3,44,4,674,6
INTERNATIONAL,2026-09-08,4,45,1,673,0
INTERNATIONAL,2026-09-08,5,45,0,673,0
INTERNATIONAL,2026-09-08,6,60,15,658,0
INTERNATIONAL,2026-09-08,7,32,0,686,28
INTERNATIONAL,2026-09-08,8,32,0,686,0
INTERNATIONAL,2026-09-09,1,28,6,690,5
INTERNATIONAL,2026-09-09,2,29,6,689,5
INTERNATIONAL,2026-09-09,3,19,1,699,11
INTERNATIONAL,2026-09-09,4,19,0,699,0
INTERNATIONAL,2026-09-09,5,19,0,699,0
INTERNATIONAL,2026-09-09,6,19,0,699,0
INTERNATIONAL,2026-09-09,7,16,0,702,3
INTERNATIONAL,2026-09-09,8,16,0,702,0
INTERNATIONAL,2026-09-09,9,16,0,702,0
INTERNATIONAL,2026-09-10,1,15,3,741,6
INTERNATIONAL,2026-09-10,2,13,0,743,2
INTERNATIONAL,2026-09-10,3,9,2,747,6
INTERNATIONAL,2026-09-10,4,7,0,749,2
INTERNATIONAL,2026-09-10,5,9,2,747,0
INTERNATIONAL,2026-09-10,6,9,2,747,2
INTERNATIONAL,2026-09-10,7,6,2,750,5
INTERNATIONAL,2026-09-10,8,6,0,750,0
INTERNATIONAL,2026-09-10,9,8,2,748,0
INTERNATIONAL,2026-09-10,10,8,0,748,0
INTERNATIONAL,2026-09-11,1,24,3,801,2
INTERNATIONAL,2026-09-11,2,25,6,800,5
INTERNATIONAL,2026-09-11,3,11,0,814,14
INTERNATIONAL,2026-09-11,4,17,9,808,3
INTERNATIONAL,2026-09-11,5,20,7,805,4
INTERNATIONAL,2026-09-11,6,16,1,809,5
INTERNATIONAL,2026-09-11,7,13,0,812,3
INTERNATIONAL,2026-09-11,8,9,0,795,4
INTERNATIONAL,2026-09-11,9,11,2,793,0
INTERNATIONAL,2026-09-11,10,11,0,793,0
INTERNATIONAL,2026-09-11,11,10,2,794,3
INTERNATIONAL,2026-09-12,1,75,18,613,5
INTERNATIONAL,2026-09-12,2,71,1,617,5
INTERNATIONAL,2026-09-12,3,45,0,643,26
INTERNATIONAL,2026-09-12,4,59,17,629,3
INTERNATIONAL,2026-09-12,5,56,0,632,3
INTERNATIONAL,2026-09-12,6,54,0,634,2
INTERNATIONAL,2026-09-12,7,24,0,664,30
INTERNATIONAL,2026-09-12,8,26,2,662,0
INTERNATIONAL,2026-09-12,9,26,0,662,0
INTERNATIONAL,2026-09-12,10,29,3,659,0
INTERNATIONAL,2026-09-12,11,27,0,661,2
INTERNATIONAL,2026-09-12,12,31,4,657,0
INTERNATIONAL,2026-09-13,2,10,0,702,0
INTERNATIONAL,2026-09-13,3,2,0,710,8
INTERNATIONAL,2026-09-13,4,7,5,705,0
INTERNATIONAL,2026-09-13,5,7,3,705,3
INTERNATIONAL,2026-09-13,6,5,0,707,2
INTERNATIONAL,2026-09-13,7,0,0,712,5
INTERNATIONAL,2026-09-13,8,0,0,712,0
INTERNATIONAL,2026-09-13,9,0,0,712,0
INTERNATIONAL,2026-09-13,10,1,1,711,0
INTERNATIONAL,2026-09-13,11,0,0,712,1
INTERNATIONAL,2026-09-13,12,0,0,712,0
INTERNATIONAL,2026-09-13,13,0,0,712,0
INTERNATIONAL,2026-09-14,3,9,0,662,5
INTERNATIONAL,2026-09-14,4,9,0,662,0
INTERNATIONAL,2026-09-14,5,9,0,662,0
INTERNATIONAL,2026-09-14,6,9,0,662,0
INTERNATIONAL,2026-09-14,7,3,0,668,6
INTERNATIONAL,2026-09-14,8,3,0,668,0
INTERNATIONAL,2026-09-14,9,3,0,668,0
INTERNATIONAL,2026-09-14,10,3,0,668,0
INTERNATIONAL,2026-09-14,11,3,0,668,0
INTERNATIONAL,2026-09-14,12,3,0,668,0
INTERNATIONAL,2026-09-14,13,3,0,668,0
INTERNATIONAL,2026-09-14,14,1,0,670,2
INTERNATIONAL,2026-09-15,4,31,0,607,3
INTERNATIONAL,2026-09-15,5,31,0,607,0
INTERNATIONAL,2026-09-15,6,31,0,607,0
INTERNATIONAL,2026-09-15,7,23,2,615,10
INTERNATIONAL,2026-09-15,8,23,0,615,0
INTERNATIONAL,2026-09-15,9,23,0,615,0
INTERNATIONAL,2026-09-15,10,23,0,615,0
INTERNATIONAL,2026-09-15,11,23,0,615,0
INTERNATIONAL,2026-09-15,12,19,0,619,4
INTERNATIONAL,2026-09-15,13,17,0,621,2
INTERNATIONAL,2026-09-15,14,17,0,621,0
INTERNATIONAL,2026-09-15,15,10,0,628,7
INTERNATIONAL,2026-09-16,5,33,0,605,0
INTERNATIONAL,2026-09-16,6,33,0,605,0
INTERNATIONAL,2026-09-16,7,25,0,613,8
INTERNATIONAL,2026-09-16,8,25,0,613,0
INTERNATIONAL,2026-09-16,9,25,0,613,0
INTERNATIONAL,2026-09-16,10,23,0,615,2
INTERNATIONAL,2026-09-16,11,23,0,615,0
INTERNATIONAL,2026-09-16,12,23,0,615,0
INTERNATIONAL,2026-09-16,13,23,0,615,0
INTERNATIONAL,2026-09-16,14,18,0,620,5
INTERNATIONAL,2026-09-16,15,12,0,626,6
INTERNATIONAL,2026-09-16,16,14,2,624,0
INTERNATIONAL,2026-09-17,6,9,0,667,0
INTERNATIONAL,2026-09-17,7,8,4,668,5
INTERNATIONAL,2026-09-17,8,8,0,668,0
INTERNATIONAL,2026-09-17,9,6,0,670,2
INTERNATIONAL,2026-09-17,10,8,2,668,0
INTERNATIONAL,2026-09-17,11,8,0,668,0
INTERNATIONAL,2026-09-17,12,8,0,668,0
INTERNATIONAL,2026-09-17,13,8,2,668,2
INTERNATIONAL,2026-09-17,14,8,0,668,0
INTERNATIONAL,2026-09-17,15,6,0,670,2
INTERNATIONAL,2026-09-17,16,6,0,670,0
INTERNATIONAL,2026-09-17,17,6,0,670,0
INTERNATIONAL,2026-09-18,7,10,0,735,5
INTERNATIONAL,2026-09-18,8,7,0,738,3
INTERNATIONAL,2026-09-18,9,7,0,738,0
INTERNATIONAL,2026-09-18,10,7,2,738,2
INTERNATIONAL,2026-09-18,11,7,0,738,0
INTERNATIONAL,2026-09-18,12,7,0,738,0
INTERNATIONAL,2026-09-18,13,7,0,738,0
INTERNATIONAL,2026-09-18,14,7,0,738,0
INTERNATIONAL,2026-09-18,15,2,0,743,5
INTERNATIONAL,2026-09-18,16,4,2,741,0
INTERNATIONAL,2026-09-18,17,6,2,739,0
INTERNATIONAL,2026-09-18,18,6,0,739,0
INTERNATIONAL,2026-09-19,8,2,2,570,2
INTERNATIONAL,2026-09-19,9,4,2,568,0
INTERNATIONAL,2026-09-19,10,4,0,568,0
INTERNATIONAL,2026-09-19,11,4,0,568,0
INTERNATIONAL,2026-09-19,12,2,0,570,2
INTERNATIONAL,2026-09-19,13,2,0,570,0
INTERNATIONAL,2026-09-19,14,2,0,570,0
INTERNATIONAL,2026-09-19,15,0,0,572,2
INTERNATIONAL,2026-09-19,16,0,0,572,0
INTERNATIONAL,2026-09-19,17,0,0,572,0
INTERNATIONAL,2026-09-19,18,2,2,570,0
INTERNATIONAL,2026-09-19,19,3,1,569,0
INTERNATIONAL,2026-09-20,9,0,0,596,0
INTERNATIONAL,2026-09-20,10,0,0,596,0
INTERNATIONAL,2026-09-20,11,0,0,596,0
INTERNATIONAL,2026-09-20,12,0,0,596,0
INTERNATIONAL,2026-09-20,13,0,0,596,0
INTERNATIONAL,2026-09-20,14,0,0,596,0
INTERNATIONAL,2026-09-20,15,0,0,596,0
INTERNATIONAL,2026-09-20,16,0,0,596,0
INTERNATIONAL,2026-09-20,17,0,0,596,0
INTERNATIONAL,2026-09-20,18,0,0,596,0
INTERNATIONAL,2026-09-20,19,0,0,596,0
INTERNATIONAL,2026-09-20,20,0,0,596,0
INTERNATIONAL,2026-09-21,10,0,0,671,1
INTERNATIONAL,2026-09-21,11,0,0,671,0
INTERNATIONAL,2026-09-21,12,0,0,671,0
INTERNATIONAL,2026-09-21,13,0,0,671,0
INTERNATIONAL,2026-09-21,14,0,0,671,0
INTERNATIONAL,2026-09-21,15,0,0,671,0
INTERNATIONAL,2026-09-21,16,0,0,671,0
INTERNATIONAL,2026-09-21,17,0,0,671,0
INTERNATIONAL,2026-09-21,18,0,0,671,0
INTERNATIONAL,2026-09-21,19,0,0,671,0
INTERNATIONAL,2026-09-21,20,0,0,671,0
INTERNATIONAL,2026-09-21,21,3,3,668,0
INTERNATIONAL,2026-09-22,11,14,0,624,0
INTERNATIONAL,2026-09-22,12,14,0,624,0
INTERNATIONAL,2026-09-22,13,14,0,624,0
INTERNATIONAL,2026-09-22,14,12,0,626,2
INTERNATIONAL,2026-09-22,15,12,2,626,2
INTERNATIONAL,2026-09-22,16,14,2,624,0
INTERNATIONAL,2026-09-22,17,14,0,624,0
INTERNATIONAL,2026-09-22,18,16,2,622,0
INTERNATIONAL,2026-09-22,19,17,1,621,0
INTERNATIONAL,2026-09-22,20,17,0,621,0
INTERNATIONAL,2026-09-22,21,17,0,621,0
INTERNATIONAL,2026-09-22,22,17,0,621,0
INTERNATIONAL,2026-09-23,12,8,0,630,0
INTERNATIONAL,2026-09-23,13,8,0,630,0
INTERNATIONAL,2026-09-23,14,8,0,630,0
INTERNATIONAL,2026-09-23,15,6,0,632,2
INTERNATIONAL,2026-09-23,16,6,0,632,0
INTERNATIONAL,2026-09-23,17,6,0,632,0
INTERNATIONAL,2026-09-23,18,6,0,632,0
INTERNATIONAL,2026-09-23,19,6,0,632,0
INTERNATIONAL,2026-09-23,20,6,0,632,0
INTERNATIONAL,2026-09-23,21,6,0,632,0
INTERNATIONAL,2026-09-23,22,6,0,632,0
INTERNATIONAL,2026-09-23,23,6,0,632,0
INTERNATIONAL,2026-09-24,13,10,0,735,0
INTERNATIONAL,2026-09-24,14,10,0,735,0
INTERNATIONAL,2026-09-24,15,4,0,741,6
INTERNATIONAL,2026-09-24,16,6,2,739,0
INTERNATIONAL,2026-09-24,17,6,0,739,0
INTERNATIONAL,2026-09-24,18,6,0,739,0
INTERNATIONAL,2026-09-24,19,6,0,739,0
INTERNATIONAL,2026-09-24,20,11,5,734,0
INTERNATIONAL,2026-09-24,21,11,0,734,0
INTERNATIONAL,2026-09-24,22,11,0,734,0
INTERNATIONAL,2026-09-24,23,13,2,732,0
INTERNATIONAL,2026-09-24,24,17,4,728,0
INTERNATIONAL,2026-09-25,14,1,0,744,0
INTERNATIONAL,2026-09-25,15,1,0,744,0
INTERNATIONAL,2026-09-25,16,1,0,744,0
INTERNATIONAL,2026-09-25,17,1,0,744,0
INTERNATIONAL,2026-09-25,18,1,0,744,0
INTERNATIONAL,2026-09-25,19,1,0,744,0
INTERNATIONAL,2026-09-25,20,1,0,744,0
INTERNATIONAL,2026-09-25,21,1,0,744,0
INTERNATIONAL,2026-09-25,22,1,0,744,0
INTERNATIONAL,2026-09-25,23,2,1,743,0
INTERNATIONAL,2026-09-25,24,2,0,743,0
INTERNATIONAL,2026-09-25,25,2,0,743,0
INTERNATIONAL,2026-09-26,15,0,0,575,1
INTERNATIONAL,2026-09-26,16,0,0,575,0
INTERNATIONAL,2026-09-26,17,0,0,575,0
INTERNATIONAL,2026-09-26,18,0,0,575,0
INTERNATIONAL,2026-09-26,19,0,0,575,0
INTERNATIONAL,2026-09-26,20,0,0,575,0
INTERNATIONAL,2026-09-26,21,0,0,575,0
INTERNATIONAL,2026-09-26,22,0,0,575,0
INTERNATIONAL,2026-09-26,23,0,0,575,0
INTERNATIONAL,2026-09-26,24,0,0,575,0
INTERNATIONAL,2026-09-26,25,2,2,573,0
INTERNATIONAL,2026-09-26,26,2,0,573,0
INTERNATIONAL,2026-09-27,16,0,0,596,0
INTERNATIONAL,2026-09-27,17,0,0,596,0
INTERNATIONAL,2026-09-27,18,0,0,596,0
INTERNATIONAL,2026-09-27,19,0,0,596,0
INTERNATIONAL,2026-09-27,20,0,0,596,0
INTERNATIONAL,2026-09-27,21,0,0,596,0
INTERNATIONAL,2026-09-27,22,0,0,596,0
INTERNATIONAL,2026-09-27,23,0,0,596,0
INTERNATIONAL,2026-09-27,24,0,0,596,0
INTERNATIONAL,2026-09-27,25,0,0,596,0
INTERNATIONAL,2026-09-27,26,0,0,596,0
INTERNATIONAL,2026-09-27,27,0,0,596,0
INTERNATIONAL,2026-09-28,17,0,0,671,0
INTERNATIONAL,2026-09-28,18,0,0,671,0
INTERNATIONAL,2026-09-28,19,0,0,671,0
INTERNATIONAL,2026-09-28,20,0,0,671,0
INTERNATIONAL,2026-09-28,21,0,0,671,0
INTERNATIONAL,2026-09-28,22,0,0,671,0
INTERNATIONAL,2026-09-28,23,2,2,669,0
INTERNATIONAL,2026-09-28,24,4,2,667,0
INTERNATIONAL,2026-09-28,25,4,0,667,0
INTERNATIONAL,2026-09-28,26,4,0,667,0
INTERNATIONAL,2026-09-28,27,8,4,663,0
INTERNATIONAL,2026-09-28,28,8,0,663,0
INTERNATIONAL,2026-09-29,18,16,0,622,0
INTERNATIONAL,2026-09-29,19,16,0,622,0
INTERNATIONAL,2026-09-29,20,17,1,621,0
INTERNATIONAL,2026-09-29,21,17,0,621,0
INTERNATIONAL,2026-09-29,22,17,0,621,0
INTERNATIONAL,2026-09-29,23,17,0,621,0
INTERNATIONAL,2026-09-29,24,17,0,621,0
INTERNATIONAL,2026-09-29,25,17,0,621,0
INTERNATIONAL,2026-09-29,26,17,0,621,0
INTERNATIONAL,2026-09-29,27,17,0,621,0
INTERNATIONAL,2026-09-29,28,17,0,621,0
INTERNATIONAL,2026-09-29,29,17,0,621,0
INTERNATIONAL,2026-09-30,19,11,0,627,0
INTERNATIONAL,2026-09-30,20,10,0,628,1
INTERNATIONAL,2026-09-30,21,11,1,627,0
INTERNATIONAL,2026-09-30,22,11,0,627,0
INTERNATIONAL,2026-09-30,23,11,0,627,0
INTERNATIONAL,2026-09-30,24,11,0,627,0
INTERNATIONAL,2026-09-30,25,13,2,625,0
INTERNATIONAL,2026-09-30,26,13,0,625,0
INTERNATIONAL,2026-09-30,27,13,0,625,0
INTERNATIONAL,2026-09-30,28,13,0,625,0
INTERNATIONAL,2026-09-30,29,13,0,625,0
INTERNATIONAL,2026-09-30,30,0,0,638,13
INTERNATIONAL,2026-10-01,20,4,0,741,0
INTERNATIONAL,2026-10-01,21,6,2,739,0
INTERNATIONAL,2026-10-01,22,6,0,739,0
INTERNATIONAL,2026-10-01,23,6,0,739,0
INTERNATIONAL,2026-10-01,24,8,2,737,0
INTERNATIONAL,2026-10-01,25,8,0,737,0
INTERNATIONAL,2026-10-01,26,8,0,737,0
INTERNATIONAL,2026-10-01,27,8,0,737,0
INTERNATIONAL,2026-10-01,28,8,0,737,0
INTERNATIONAL,2026-10-01,29,10,2,735,0
INTERNATIONAL,2026-10-01,30,0,0,745,10
INTERNATIONAL,2026-10-02,21,0,0,745,0
INTERNATIONAL,2026-10-02,22,0,0,745,0
INTERNATIONAL,2026-10-02,23,0,0,745,0
INTERNATIONAL,2026-10-02,24,0,0,745,0
INTERNATIONAL,2026-10-02,25,0,0,745,0
INTERNATIONAL,2026-10-02,26,0,0,745,0
INTERNATIONAL,2026-10-02,27,0,0,745,0
INTERNATIONAL,2026-10-02,28,0,0,745,0
INTERNATIONAL,2026-10-02,29,0,0,745,0
INTERNATIONAL,2026-10-02,30,0,0,745,0
INTERNATIONAL,2026-10-03,22,5,0,699,0
INTERNATIONAL,2026-10-03,23,7,2,697,0
INTERNATIONAL,2026-10-03,24,7,2,697,2
INTERNATIONAL,2026-10-03,25,7,0,697,0
INTERNATIONAL,2026-10-03,26,11,4,693,0
INTERNATIONAL,2026-10-03,27,13,2,691,0
INTERNATIONAL,2026-10-03,28,13,0,691,0
INTERNATIONAL,2026-10-03,29,13,0,691,0
INTERNATIONAL,2026-10-03,30,0,0,704,13
INTERNATIONAL,2026-10-04,23,0,0,710,0
INTERNATIONAL,2026-10-04,24,0,0,710,0
INTERNATIONAL,2026-10-04,25,0,0,710,0
INTERNATIONAL,2026-10-04,26,0,0,710,0
INTERNATIONAL,2026-10-04,27,0,0,710,0
INTERNATIONAL,2026-10-04,28,0,0,710,0
INTERNATIONAL,2026-10-04,29,0,0,710,0
INTERNATIONAL,2026-10-04,30,0,0,710,0
INTERNATIONAL,2026-10-05,24,5,2,666,0
INTERNATIONAL,2026-10-05,25,5,0,666,0
INTERNATIONAL,2026-10-05,26,5,0,666,0
INTERNATIONAL,2026-10-05,27,7,2,664,0
INTERNATIONAL,2026-10-05,28,7,0,664,0
INTERNATIONAL,2026-10-05,29,11,4,660,0
INTERNATIONAL,2026-10-05,30,0,0,671,11
INTERNATIONAL,2026-10-06,25,19,0,619,0
INTERNATIONAL,2026-10-06,26,19,0,619,0
INTERNATIONAL,2026-10-06,27,19,0,619,0
INTERNATIONAL,2026-10-06,28,19,0,619,0
INTERNATIONAL,2026-10-06,29,19,0,619,0
INTERNATIONAL,2026-10-06,30,0,0,638,19
INTERNATIONAL,2026-10-07,26,15,0,623,0
INTERNATIONAL,2026-10-07,27,15,0,623,0
INTERNATIONAL,2026-10-07,28,15,0,623,0
INTERNATIONAL,2026-10-07,29,15,0,623,0
INTERNATIONAL,2026-10-07,30,0,0,638,15
INTERNATIONAL,2026-10-08,27,6,0,739,0
INTERNATIONAL,2026-10-08,28,6,0,739,0
INTERNATIONAL,2026-10-08,29,8,2,737,0
INTERNATIONAL,2026-10-08,30,0,0,745,8
INTERNATIONAL,2026-10-09,28,0,0,745,0
INTERNATIONAL,2026-10-09,29,0,0,745,0
INTERNATIONAL,2026-10-09,30,0,0,745,0
INTERNATIONAL,2026-10-10,29,7,2,660,0
INTERNATIONAL,2026-10-10,30,0,0,667,7
INTERNATIONAL,2026-10-11,30,0,0,686,7
NORD,2026-09-01,1,731,61,467,8
NORD,2026-09-02,1,884,35,323,14
NORD,2026-09-02,2,865,44,344,65
NORD,2026-09-03,1,552,16,677,94
NORD,2026-09-03,2,645,109,586,18
NORD,2026-09-03,3,686,53,545,12
NORD,2026-09-04,1,453,53,918,42
NORD,2026-09-04,2,455,55,918,55
NORD,2026-09-04,3,453,32,920,34
NORD,2026-09-04,4,261,2,1112,194
NORD,2026-09-05,1,591,12,803,19
NORD,2026-09-05,2,627,50,783,30
NORD,2026-09-05,3,678,98,732,47
NORD,2026-09-05,4,319,0,1091,359
NORD,2026-09-05,5,275,2,1135,46
NORD,2026-09-06,1,360,19,904,29
NORD,2026-09-06,2,384,31,880,7
NORD,2026-09-06,3,389,19,875,14
NORD,2026-09-06,4,252,9,1012,146
NORD,2026-09-06,5,222,8,1042,38
NORD,2026-09-06,6,219,4,1045,7
NORD,2026-09-07,1,415,63,828,41
NORD,2026-09-07,2,364,16,879,67
NORD,2026-09-07,3,355,24,888,33
NORD,2026-09-07,4,209,1,1034,147
NORD,2026-09-07,5,202,10,1041,17
NORD,2026-09-07,6,208,20,1035,14
NORD,2026-09-07,7,221,29,1022,16
NORD,2026-09-08,1,654,62,553,61
NORD,2026-09-08,2,665,54,542,43
NORD,2026-09-08,3,617,68,590,116
NORD,2026-09-08,4,345,12,862,284
NORD,2026-09-08,5,308,13,899,50
NORD,2026-09-08,6,310,18,897,16
NORD,2026-09-08,7,303,32,904,39
NORD,2026-09-08,8,290,0,917,13
NORD,2026-09-09,1,695,144,512,37
NORD,2026-09-09,2,700,59,509,54
NORD,2026-09-09,3,618,42,591,124
NORD,2026-09-09,4,311,0,898,307
NORD,2026-09-09,5,320,18,889,9
NORD,2026-09-09,6,318,19,891,21
NORD,2026-09-09,7,300,5,909,23
NORD,2026-09-09,8,286,4,923,18
NORD,2026-09-09,9,285,7,924,8
NORD,2026-09-10,1,539,118,690,36
NORD,2026-09-10,2,536,42,695,47
NORD,2026-09-10,3,543,26,688,19
NORD,2026-09-10,4,206,2,1025,339
NORD,2026-09-10,5,200,19,1031,25
NORD,2026-09-10,6,216,29,1015,13
NORD,2026-09-10,7,233,21,998,4
NORD,2026-09-10,8,253,50,978,30
NORD,2026-09-10,9,276,37,955,14
NORD,2026-09-10,10,255,0,976,21
NORD,2026-09-11,1,526,75,843,86
NORD,2026-09-11,2,594,93,777,25
NORD,2026-09-11,3,599,66,772,61
NORD,2026-09-11,4,272,10,1099,337
NORD,2026-09-11,5,203,5,1168,74
NORD,2026-09-11,6,236,77,1135,44
NORD,2026-09-11,7,204,10,1167,42
NORD,2026-09-11,8,200,43,1171,47
NORD,2026-09-11,9,249,68,1122,19
NORD,2026-09-11,10,214,24,1157,59
NORD,2026-09-11,11,232,30,1139,12
NORD,2026-09-12,1,845,50,522,147
NORD,2026-09-12,2,934,146,435,59
NORD,2026-09-12,3,837,17,532,114
NORD,2026-09-12,4,359,3,1010,481
NORD,2026-09-12,5,397,81,972,43
NORD,2026-09-12,6,396,37,973,38
NORD,2026-09-12,7,390,1,979,7
NORD,2026-09-12,8,336,2,1033,56
NORD,2026-09-12,9,371,39,1012,4
NORD,2026-09-12,10,302,37,1081,106
NORD,2026-09-12,11,347,75,1036,30
NORD,2026-09-12,12,189,0,1194,158
NORD,2026-09-13,2,266,12,962,63
NORD,2026-09-13,3,326,88,902,28
NORD,2026-09-13,4,144,4,1084,186
NORD,2026-09-13,5,137,11,1091,18
NORD,2026-09-13,6,150,27,1078,14
NORD,2026-09-13,7,149,19,1079,20
NORD,2026-09-13,8,149,19,1079,19
NORD,2026-09-13,9,112,20,1116,57
NORD,2026-09-13,10,121,41,1107,32
NORD,2026-09-13,11,113,9,1115,17
NORD,2026-09-13,12,70,1,1158,44
NORD,2026-09-13,13,76,10,1152,4
NORD,2026-09-14,3,485,20,730,33
NORD,2026-09-14,4,192,0,1023,293
NORD,2026-09-14,5,209,34,1006,17
NORD,2026-09-14,6,272,78,943,15
NORD,2026-09-14,7,224,34,991,82
NORD,2026-09-14,8,224,19,991,19
NORD,2026-09-14,9,187,2,1028,39
NORD,2026-09-14,10,181,23,1034,29
NORD,2026-09-14,11,213,43,1002,11
NORD,2026-09-14,12,106,1,1109,108
NORD,2026-09-14,13,95,0,1120,11
NORD,2026-09-14,14,86,0,1129,9
NORD,2026-09-15,4,354,3,825,300
NORD,2026-09-15,5,324,0,855,30
NORD,2026-09-15,6,322,3,857,5
NORD,2026-09-15,7,341,28,838,9
NORD,2026-09-15,8,313,0,866,28
NORD,2026-09-15,9,315,3,864,1
NORD,2026-09-15,10,302,26,877,39
NORD,2026-09-15,11,275,0,904,27
NORD,2026-09-15,12,127,0,1052,148
NORD,2026-09-15,13,124,0,1055,3
NORD,2026-09-15,14,119,0,1060,5
NORD,2026-09-15,15,119,0,1060,0
NORD,2026-09-16,5,335,13,846,23
NORD,2026-09-16,6,307,4,874,32
NORD,2026-09-16,7,297,2,884,12
NORD,2026-09-16,8,314,23,867,6
NORD,2026-09-16,9,311,3,870,6
NORD,2026-09-16,10,297,1,884,15
NORD,2026-09-16,11,303,12,878,6
NORD,2026-09-16,12,166,0,1015,137
NORD,2026-09-16,13,146,0,1035,20
NORD,2026-09-16,14,141,0,1040,5
NORD,2026-09-16,15,139,2,1042,4
NORD,2026-09-16,16,138,4,1043,5
NORD,2026-09-17,6,262,37,941,26
NORD,2026-09-17,7,276,38,927,24
NORD,2026-09-17,8,257,7,946,26
NORD,2026-09-17,9,236,4,967,25
NORD,2026-09-17,10,244,12,959,4
NORD,2026-09-17,11,197,0,1006,47
NORD,2026-09-17,12,108,0,1095,89
NORD,2026-09-17,13,105,1,1098,4
NORD,2026-09-17,14,124,19,1079,0
NORD,2026-09-17,15,120,4,1083,8
NORD,2026-09-17,16,96,0,1107,24
NORD,2026-09-17,17,94,0,1109,2
NORD,2026-09-18,7,246,15,1098,44
NORD,2026-09-18,8,223,22,1121,45
NORD,2026-09-18,9,223,12,1121,12
NORD,2026-09-18,10,215,4,1129,12
NORD,2026-09-18,11,208,4,1136,11
NORD,2026-09-18,12,95,3,1249,116
NORD,2026-09-18,13,91,2,1253,6
NORD,2026-09-18,14,93,8,1251,6
NORD,2026-09-18,15,94,3,1250,2
NORD,2026-09-18,16,92,9,1252,11
NORD,2026-09-18,17,94,5,1250,3
NORD,2026-09-18,18,93,0,1251,1
NORD,2026-09-19,8,261,2,1119,28
NORD,2026-09-19,9,302,48,1078,7
NORD,2026-09-19,10,268,9,1112,43
NORD,2026-09-19,11,255,26,1125,39
NORD,2026-09-19,12,142,0,1238,113
NORD,2026-09-19,13,136,19,1244,25
NORD,2026-09-19,14,160,24,1220,0
NORD,2026-09-19,15,133,0,1247,27
NORD,2026-09-19,16,146,28,1267,18
NORD,2026-09-19,17,143,4,1270,7
NORD,2026-09-19,18,124,3,1289,22
NORD,2026-09-19,19,109,0,1304,15
NORD,2026-09-20,9,120,5,1135,2
NORD,2026-09-20,10,150,58,1105,28
NORD,2026-09-20,11,124,15,1131,41
NORD,2026-09-20,12,70,5,1185,59
NORD,2026-09-20,13,71,2,1184,1
NORD,2026-09-20,14,71,1,1184,1
NORD,2026-09-20,15,69,3,1186,5
NORD,2026-09-20,16,71,3,1184,1
NORD,2026-09-20,17,70,1,1185,2
NORD,2026-09-20,18,68,0,1187,2
NORD,2026-09-20,19,69,2,1186,1
NORD,2026-09-20,20,66,0,1189,3
NORD,2026-09-21,10,182,15,1033,54
NORD,2026-09-21,11,189,29,1026,22
NORD,2026-09-21,12,80,0,1135,109
NORD,2026-09-21,13,78,3,1137,5
NORD,2026-09-21,14,77,5,1138,6
NORD,2026-09-21,15,78,1,1137,0
NORD,2026-09-21,16,77,1,1138,2
NORD,2026-09-21,17,75,2,1140,4
NORD,2026-09-21,18,74,0,1141,1
NORD,2026-09-21,19,73,2,1142,3
NORD,2026-09-21,20,72,1,1143,2
NORD,2026-09-21,21,70,0,1145,2
NORD,2026-09-22,11,264,12,915,9
NORD,2026-09-22,12,131,0,1048,133
NORD,2026-09-22,13,132,4,1047,3
NORD,2026-09-22,14,131,4,1048,5
NORD,2026-09-22,15,124,0,1055,7
NORD,2026-09-22,16,104,7,1075,27
NORD,2026-09-22,17,131,27,1048,0
NORD,2026-09-22,18,128,0,1051,3
NORD,2026-09-22,19,126,0,1053,2
NORD,2026-09-22,20,124,0,1055,2
NORD,2026-09-22,21,122,0,1057,2
NORD,2026-09-22,22,121,1,1058,2
NORD,2026-09-23,12,142,0,1039,57
NORD,2026-09-23,13,144,3,1037,1
NORD,2026-09-23,14,134,1,1047,11
NORD,2026-09-23,15,135,4,1046,3
NORD,2026-09-23,16,131,0,1050,4
NORD,2026-09-23,17,131,0,1050,0
NORD,2026-09-23,18,132,1,1049,0
NORD,2026-09-23,19,128,3,1053,7
NORD,2026-09-23,20,127,1,1054,2
NORD,2026-09-23,21,128,2,1053,1
NORD,2026-09-23,22,126,0,1055,2
NORD,2026-09-23,23,122,4,1059,8
NORD,2026-09-24,13,79,6,1124,8
NORD,2026-09-24,14,104,26,1099,1
NORD,2026-09-24,15,96,1,1107,9
NORD,2026-09-24,16,92,0,1111,4
NORD,2026-09-24,17,65,0,1138,27
NORD,2026-09-24,18,65,0,1138,0
NORD,2026-09-24,19,65,0,1138,0
NORD,2026-09-24,20,64,0,1139,1
NORD,2026-09-24,21,62,0,1141,2
NORD,2026-09-24,22,59,0,1144,3
NORD,2026-09-24,23,60,1,1143,0
NORD,2026-09-24,24,58,0,1145,2
NORD,2026-09-25,14,73,3,1270,3
NORD,2026-09-25,15,70,0,1273,3
NORD,2026-09-25,16,69,0,1274,1
NORD,2026-09-25,17,63,0,1280,6
NORD,2026-09-25,18,68,10,1275,5
NORD,2026-09-25,19,70,5,1273,3
NORD,2026-09-25,20,61,0,1282,9
NORD,2026-09-25,21,64,4,1279,1
NORD,2026-09-25,22,59,0,1284,5
NORD,2026-09-25,23,58,0,1285,1
NORD,2026-09-25,24,64,6,1279,0
NORD,2026-09-25,25,63,0,1280,1
NORD,2026-09-26,15,111,3,1269,46
NORD,2026-09-26,16,123,13,1257,1
NORD,2026-09-26,17,128,5,1252,0
NORD,2026-09-26,18,107,0,1273,21
NORD,2026-09-26,19,108,1,1272,0
NORD,2026-09-26,20,116,14,1264,6
NORD,2026-09-26,21,138,23,1242,1
NORD,2026-09-26,22,163,44,1217,19
NORD,2026-09-26,23,148,0,1265,18
NORD,2026-09-26,24,146,0,1267,2
NORD,2026-09-26,25,142,0,1271,4
NORD,2026-09-26,26,142,0,1271,0
NORD,2026-09-27,16,51,0,1204,0
NORD,2026-09-27,17,48,1,1207,4
NORD,2026-09-27,18,47,1,1208,2
NORD,2026-09-27,19,52,6,1203,1
NORD,2026-09-27,20,51,0,1204,1
NORD,2026-09-27,21,53,2,1202,0
NORD,2026-09-27,22,52,0,1203,1
NORD,2026-09-27,23,52,1,1203,1
NORD,2026-09-27,24,52,1,1203,1
NORD,2026-09-27,25,55,4,1200,1
NORD,2026-09-27,26,51,1,1204,5
NORD,2026-09-27,27,53,3,1202,1
NORD,2026-09-28,17,62,0,1153,3
NORD,2026-09-28,18,65,3,1150,0
NORD,2026-09-28,19,68,4,1147,1
NORD,2026-09-28,20,66,1,1149,3
NORD,2026-09-28,21,61,1,1154,6
NORD,2026-09-28,22,63,2,1152,0
NORD,2026-09-28,23,59,0,1156,4
NORD,2026-09-28,24,63,6,1152,2
NORD,2026-09-28,25,64,7,1151,6
NORD,2026-09-28,26,59,0,1156,5
NORD,2026-09-28,27,50,0,1165,9
NORD,2026-09-28,28,48,0,1167,2
NORD,2026-09-29,18,113,2,1066,0
NORD,2026-09-29,19,112,0,1067,1
NORD,2026-09-29,20,118,6,1061,0
NORD,2026-09-29,21,135,18,1044,1
NORD,2026-09-29,22,115,0,1064,20
NORD,2026-09-29,23,114,0,1065,1
NORD,2026-09-29,24,111,0,1068,3
NORD,2026-09-29,25,112,3,1067,2
NORD,2026-09-29,26,109,0,1070,3
NORD,2026-09-29,27,106,1,1073,4
NORD,2026-09-29,28,106,1,1073,1
NORD,2026-09-29,29,106,0,1073,0
NORD,2026-09-30,19,132,4,1049,0
NORD,2026-09-30,20,136,4,1045,0
NORD,2026-09-30,21,136,0,1045,0
NORD,2026-09-30,22,130,1,1051,7
NORD,2026-09-30,23,127,0,1054,3
NORD,2026-09-30,24,127,0,1054,0
NORD,2026-09-30,25,116,0,1065,11
NORD,2026-09-30,26,110,1,1071,7
NORD,2026-09-30,27,82,2,1099,30
NORD,2026-09-30,28,105,29,1076,6
NORD,2026-09-30,29,96,0,1085,9
NORD,2026-09-30,30,0,0,1181,96
NORD,2026-10-01,20,68,0,1135,1
NORD,2026-10-01,21,68,0,1135,0
NORD,2026-10-01,22,68,0,1135,0
NORD,2026-10-01,23,68,0,1135,0
NORD,2026-10-01,24,66,0,1137,2
NORD,2026-10-01,25,68,2,1135,0
NORD,2026-10-01,26,66,0,1137,2
NORD,2026-10-01,27,59,0,1144,7
NORD,2026-10-01,28,60,4,1143,3
NORD,2026-10-01,29,57,2,1146,5
NORD,2026-10-01,30,0,0,1203,57
NORD,2026-10-02,21,72,0,1231,0
NORD,2026-10-02,22,66,1,1237,7
NORD,2026-10-02,23,96,31,1207,1
NORD,2026-10-02,24,74,3,1229,25
NORD,2026-10-02,25,73,2,1230,3
NORD,2026-10-02,26,72,0,1231,1
NORD,2026-10-02,27,71,5,1232,6
NORD,2026-10-02,28,71,0,1232,0
NORD,2026-10-02,29,70,0,1233,1
NORD,2026-10-02,30,0,0,1303,70
NORD,2026-10-03,22,152,0,961,2
NORD,2026-10-03,23,152,0,961,0
NORD,2026-10-03,24,149,0,964,3
NORD,2026-10-03,25,149,0,964,0
NORD,2026-10-03,26,150,1,963,0
NORD,2026-10-03,27,149,2,964,3
NORD,2026-10-03,28,145,0,968,4
NORD,2026-10-03,29,163,18,950,0
NORD,2026-10-03,30,2,0,1111,161
NORD,2026-10-04,23,73,28,1019,4
NORD,2026-10-04,24,40,0,1052,33
NORD,2026-10-04,25,45,5,1047,0
NORD,2026-10-04,26,47,2,1045,0
NORD,2026-10-04,27,41,0,1051,6
NORD,2026-10-04,28,38,0,1054,3
NORD,2026-10-04,29,61,23,1031,0
NORD,2026-10-04,30,0,0,1092,61
NORD,2026-10-05,24,62,0,1148,6
NORD,2026-10-05,25,62,1,1148,1
NORD,2026-10-05,26,61,0,1149,1
NORD,2026-10-05,27,62,1,1148,0
NORD,2026-10-05,28,56,0,1154,6
NORD,2026-10-05,29,56,0,1154,0
NORD,2026-10-05,30,0,0,1210,56
NORD,2026-10-06,25,135,1,1041,10
NORD,2026-10-06,26,136,1,1040,0
NORD,2026-10-06,27,127,1,1049,10
NORD,2026-10-06,28,105,0,1071,22
NORD,2026-10-06,29,133,28,1043,0
NORD,2026-10-06,30,0,0,1176,133
NORD,2026-10-07,26,102,0,1074,2
NORD,2026-10-07,27,103,2,1073,1
NORD,2026-10-07,28,96,1,1080,8
NORD,2026-10-07,29,97,1,1079,0
NORD,2026-10-07,30,0,0,1176,97
NORD,2026-10-08,27,60,0,1138,1
NORD,2026-10-08,28,59,0,1139,1
NORD,2026-10-08,29,59,0,1139,0
NORD,2026-10-08,30,0,0,1198,59
NORD,2026-10-09,28,69,5,1269,0
NORD,2026-10-09,29,70,3,1268,2
NORD,2026-10-09,30,0,0,1338,70
NORD,2026-10-10,29,137,4,1261,0
NORD,2026-10-10,30,0,0,1398,137
NORD,2026-10-11,30,0,0,1253,68
OUIGO_TC,2026-09-01,1,0,0,181,0
OUIGO_TC,2026-09-02,1,0,0,181,0
OUIGO_TC,2026-09-02,2,0,0,181,0
OUIGO_TC,2026-09-03,1,0,0,150,0
OUIGO_TC,2026-09-03,2,0,0,177,0
OUIGO_TC,2026-09-03,3,0,0,177,0
OUIGO_TC,2026-09-04,1,0,0,204,0
OUIGO_TC,2026-09-04,2,0,0,204,0
OUIGO_TC,2026-09-04,3,0,0,204,0
OUIGO_TC,2026-09-04,4,0,0,204,0
OUIGO_TC,2026-09-05,1,0,0,340,0
OUIGO_TC,2026-09-05,2,0,0,340,0
OUIGO_TC,2026-09-05,3,0,0,340,0
OUIGO_TC,2026-09-05,4,0,0,340,0
OUIGO_TC,2026-09-05,5,0,0,340,0
OUIGO_TC,2026-09-06,1,0,0,313,0
OUIGO_TC,2026-09-06,2,0,0,313,0
OUIGO_TC,2026-09-06,3,0,0,313,0
OUIGO_TC,2026-09-06,4,0,0,313,0
OUIGO_TC,2026-09-06,5,0,0,313,0
OUIGO_TC,2026-09-06,6,0,0,313,0
OUIGO_TC,2026-09-07,1,0,0,178,0
OUIGO_TC,2026-09-07,2,0,0,178,0
OUIGO_TC,2026-09-07,3,0,0,178,0
OUIGO_TC,2026-09-07,4,0,0,178,0
OUIGO_TC,2026-09-07,5,0,0,178,0
OUIGO_TC,2026-09-07,6,0,0,178,0
OUIGO_TC,2026-09-07,7,0,0,178,0
OUIGO_TC,2026-09-08,1,0,0,182,0
OUIGO_TC,2026-09-08,2,0,0,182,0
OUIGO_TC,2026-09-08,3,0,0,182,0
OUIGO_TC,2026-09-08,4,0,0,182,0
OUIGO_TC,2026-09-08,5,0,0,182,0
OUIGO_TC,2026-09-08,6,0,0,182,0
OUIGO_TC,2026-09-08,7,0,0,182,0
OUIGO_TC,2026-09-08,8,0,0,182,0
OUIGO_TC,2026-09-09,1,0,0,182,0
OUIGO_TC,2026-09-09,2,0,0,182,0
OUIGO_TC,2026-09-09,3,0,0,182,0
OUIGO_TC,2026-09-09,4,0,0,182,0
OUIGO_TC,2026-09-09,5,0,0,182,0
OUIGO_TC,2026-09-09,6,0,0,182,0
OUIGO_TC,2026-09-09,7,0,0,182,0
OUIGO_TC,2026-09-09,8,0,0,182,0
OUIGO_TC,2026-09-09,9,0,0,182,0
OUIGO_TC,2026-09-10,1,0,0,183,0
OUIGO_TC,2026-09-10,2,0,0,183,0
OUIGO_TC,2026-09-10,3,0,0,183,0
OUIGO_TC,2026-09-10,4,0,0,183,0
OUIGO_TC,2026-09-10,5,0,0,183,0
OUIGO_TC,2026-09-10,6,0,0,183,0
OUIGO_TC,2026-09-10,7,0,0,183,0
OUIGO_TC,2026-09-10,8,0,0,183,0
OUIGO_TC,2026-09-10,9,0,0,183,0
OUIGO_TC,2026-09-10,10,0,0,183,0
OUIGO_TC,2026-09-11,2,0,0,294,0
OUIGO_TC,2026-09-11,3,0,0,294,0
OUIGO_TC,2026-09-11,4,0,0,294,0
OUIGO_TC,2026-09-11,5,0,0,294,0
OUIGO_TC,2026-09-11,6,0,0,294,0
OUIGO_TC,2026-09-11,7,0,0,294,0
OUIGO_TC,2026-09-11,8,0,0,294,0
OUIGO_TC,2026-09-11,9,0,0,294,0
OUIGO_TC,2026-09-11,10,0,0,294,0
OUIGO_TC,2026-09-11,11,0,0,294,0
OUIGO_TC,2026-09-12,3,0,0,216,0
OUIGO_TC,2026-09-12,4,0,0,216,0
OUIGO_TC,2026-09-12,5,0,0,216,0
OUIGO_TC,2026-09-12,6,0,0,216,0
OUIGO_TC,2026-09-12,7,0,0,216,0
OUIGO_TC,2026-09-12,8,0,0,216,0
OUIGO_TC,2026-09-12,9,0,0,216,0
OUIGO_TC,2026-09-12,10,0,0,216,0
OUIGO_TC,2026-09-12,11,0,0,216,0
OUIGO_TC,2026-09-12,12,0,0,216,0
OUIGO_TC,2026-09-13,4,0,0,313,0
OUIGO_TC,2026-09-13,5,0,0,313,0
OUIGO_TC,2026-09-13,6,0,0,313,0
OUIGO_TC,2026-09-13,7,0,0,313,0
OUIGO_TC,2026-09-13,8,0,0,313,0
OUIGO_TC,2026-09-13,9,0,0,313,0
OUIGO_TC,2026-09-13,10,0,0,313,0
OUIGO_TC,2026-09-13,11,0,0,313,0
OUIGO_TC,2026-09-13,12,0,0,313,0
OUIGO_TC,2026-09-13,13,0,0,313,0
OUIGO_TC,2026-09-14,5,0,0,165,0
OUIGO_TC,2026-09-14,6,0,0,165,0
OUIGO_TC,2026-09-14,7,0,0,165,0
OUIGO_TC,2026-09-14,8,0,0,165,0
OUIGO_TC,2026-09-14,9,0,0,165,0
OUIGO_TC,2026-09-14,10,0,0,165,0
OUIGO_TC,2026-09-14,11,0,0,165,0
OUIGO_TC,2026-09-14,12,0,0,165,0
OUIGO_TC,2026-09-14,13,0,0,165,0
OUIGO_TC,2026-09-14,14,0,0,165,0
OUIGO_TC,2026-09-15,6,0,0,182,0
OUIGO_TC,2026-09-15,7,0,0,182,0
OUIGO_TC,2026-09-15,8,0,0,182,0
OUIGO_TC,2026-09-15,9,0,0,182,0
OUIGO_TC,2026-09-15,10,0,0,182,0
OUIGO_TC,2026-09-15,11,0,0,182,0
OUIGO_TC,2026-09-15,12,0,0,182,0
OUIGO_TC,2026-09-15,13,0,0,182,0
OUIGO_TC,2026-09-15,14,0,0,182,0
OUIGO_TC,2026-09-15,15,0,0,182,0
OUIGO_TC,2026-09-16,7,0,0,182,0
OUIGO_TC,2026-09-16,8,0,0,182,0
OUIGO_TC,2026-09-16,9,0,0,182,0
OUIGO_TC,2026-09-16,10,0,0,182,0
OUIGO_TC,2026-09-16,11,0,0,182,0
OUIGO_TC,2026-09-16,12,0,0,182,0
OUIGO_TC,2026-09-16,13,0,0,182,0
OUIGO_TC,2026-09-16,14,0,0,182,0
OUIGO_TC,2026-09-16,15,0,0,182,0
OUIGO_TC,2026-09-16,16,0,0,182,0
OUIGO_TC,2026-09-17,8,0,0,170,0
OUIGO_TC,2026-09-17,9,0,0,170,0
OUIGO_TC,2026-09-17,10,0,0,170,0
OUIGO_TC,2026-09-17,11,0,0,170,0
OUIGO_TC,2026-09-17,12,0,0,170,0
OUIGO_TC,2026-09-17,13,0,0,170,0
OUIGO_TC,2026-09-17,14,0,0,170,0
OUIGO_TC,2026-09-17,15,0,0,170,0
OUIGO_TC,2026-09-17,16,0,0,170,0
OUIGO_TC,2026-09-17,17,0,0,170,0
OUIGO_TC,2026-09-18,9,0,0,237,0
OUIGO_TC,2026-09-18,10,0,0,237,0
OUIGO_TC,2026-09-18,11,0,0,237,0
OUIGO_TC,2026-09-18,12,0,0,237,0
OUIGO_TC,2026-09-18,13,0,0,237,0
OUIGO_TC,2026-09-18,14,0,0,237,0
OUIGO_TC,2026-09-18,15,0,0,237,0
OUIGO_TC,2026-09-18,16,0,0,237,0
OUIGO_TC,2026-09-18,17,0,0,237,0
OUIGO_TC,2026-09-18,18,0,0,237,0
OUIGO_TC,2026-09-19,10,0,0,300,0
OUIGO_TC,2026-09-19,11,0,0,300,0
OUIGO_TC,2026-09-19,12,0,0,300,0
OUIGO_TC,2026-09-19,13,0,0,300,0
OUIGO_TC,2026-09-19,14,0,0,300,0
OUIGO_TC,2026-09-19,15,0,0,300,0
OUIGO_TC,2026-09-19,16,0,0,300,0
OUIGO_TC,2026-09-19,17,0,0,300,0
OUIGO_TC,2026-09-19,18,0,0,300,0
OUIGO_TC,2026-09-19,19,0,0,300,0
OUIGO_TC,2026-09-20,11,0,0,313,0
OUIGO_TC,2026-09-20,12,0,0,313,0
OUIGO_TC,2026-09-20,13,0,0,313,0
OUIGO_TC,2026-09-20,14,0,0,313,0
OUIGO_TC,2026-09-20,15,0,0,313,0
OUIGO_TC,2026-09-20,16,0,0,313,0
OUIGO_TC,2026-09-20,17,0,0,313,0
OUIGO_TC,2026-09-20,18,0,0,313,0
OUIGO_TC,2026-09-20,19,0,0,313,0
OUIGO_TC,2026-09-20,20,0,0,313,0
OUIGO_TC,2026-09-21,12,0,0,161,0
OUIGO_TC,2026-09-21,13,0,0,161,0
OUIGO_TC,2026-09-21,14,0,0,161,0
OUIGO_TC,2026-09-21,15,0,0,161,0
OUIGO_TC,2026-09-21,16,0,0,161,0
OUIGO_TC,2026-09-21,17,0,0,161,0
OUIGO_TC,2026-09-21,18,0,0,161,0
OUIGO_TC,2026-09-21,19,0,0,161,0
OUIGO_TC,2026-09-21,20,0,0,161,0
OUIGO_TC,2026-09-21,21,0,0,161,0
OUIGO_TC,2026-09-22,13,0,0,182,0
OUIGO_TC,2026-09-22,14,0,0,182,0
OUIGO_TC,2026-09-22,15,0,0,182,0
OUIGO_TC,2026-09-22,16,0,0,182,0
OUIGO_TC,2026-09-22,17,0,0,182,0
OUIGO_TC,2026-09-22,18,0,0,182,0
OUIGO_TC,2026-09-22,19,0,0,182,0
OUIGO_TC,2026-09-22,20,0,0,182,0
OUIGO_TC,2026-09-22,21,0,0,182,0
OUIGO_TC,2026-09-22,22,0,0,182,0
OUIGO_TC,2026-09-23,14,0,0,182,0
OUIGO_TC,2026-09-23,15,0,0,182,0
OUIGO_TC,2026-09-23,16,0,0,182,0
OUIGO_TC,2026-09-23,17,0,0,182,0
OUIGO_TC,2026-09-23,18,0,0,182,0
OUIGO_TC,2026-09-23,19,0,0,182,0
OUIGO_TC,2026-09-23,20,0,0,182,0
OUIGO_TC,2026-09-23,21,0,0,182,0
OUIGO_TC,2026-09-23,22,0,0,182,0
OUIGO_TC,2026-09-23,23,0,0,182,0
OUIGO_TC,2026-09-24,15,0,0,170,0
OUIGO_TC,2026-09-24,16,0,0,170,0
OUIGO_TC,2026-09-24,17,0,0,170,0
OUIGO_TC,2026-09-24,18,0,0,170,0
OUIGO_TC,2026-09-24,19,0,0,170,0
OUIGO_TC,2026-09-24,20,0,0,170,0
OUIGO_TC,2026-09-24,21,0,0,170,0
OUIGO_TC,2026-09-24,22,0,0,170,0
OUIGO_TC,2026-09-24,23,0,0,170,0
OUIGO_TC,2026-09-24,24,0,0,170,0
OUIGO_TC,2026-09-25,16,0,0,246,0
OUIGO_TC,2026-09-25,17,0,0,246,0
OUIGO_TC,2026-09-25,18,0,0,246,0
OUIGO_TC,2026-09-25,19,0,0,246,0
OUIGO_TC,2026-09-25,20,0,0,246,0
OUIGO_TC,2026-09-25,21,0,0,246,0
OUIGO_TC,2026-09-25,22,0,0,246,0
OUIGO_TC,2026-09-25,23,0,0,246,0
OUIGO_TC,2026-09-25,24,0,0,246,0
OUIGO_TC,2026-09-25,25,0,0,246,0
OUIGO_TC,2026-09-26,17,0,0,219,0
OUIGO_TC,2026-09-26,18,0,0,219,0
OUIGO_TC,2026-09-26,19,0,0,219,0
OUIGO_TC,2026-09-26,20,0,0,219,0
OUIGO_TC,2026-09-26,21,0,0,219,0
OUIGO_TC,2026-09-26,22,0,0,219,0
OUIGO_TC,2026-09-26,23,0,0,219,0
OUIGO_TC,2026-09-26,24,0,0,219,0
OUIGO_TC,2026-09-26,25,0,0,219,0
OUIGO_TC,2026-09-26,26,0,0,219,0
OUIGO_TC,2026-09-27,18,0,0,235,0
OUIGO_TC,2026-09-27,19,0,0,235,0
OUIGO_TC,2026-09-27,20,0,0,235,0
OUIGO_TC,2026-09-27,21,0,0,235,0
OUIGO_TC,2026-09-27,22,0,0,235,0
OUIGO_TC,2026-09-27,23,0,0,235,0
OUIGO_TC,2026-09-27,24,0,0,235,0
OUIGO_TC,2026-09-27,25,0,0,235,0
OUIGO_TC,2026-09-27,26,0,0,235,0
OUIGO_TC,2026-09-27,27,0,0,235,0
OUIGO_TC,2026-09-28,19,0,0,165,0
OUIGO_TC,2026-09-28,20,0,0,165,0
OUIGO_TC,2026-09-28,21,0,0,165,0
OUIGO_TC,2026-09-28,22,0,0,165,0
OUIGO_TC,2026-09-28,23,0,0,165,0
OUIGO_TC,2026-09-28,24,0,0,165,0
OUIGO_TC,2026-09-28,25,0,0,165,0
OUIGO_TC,2026-09-28,26,0,0,165,0
OUIGO_TC,2026-09-28,27,0,0,165,0
OUIGO_TC,2026-09-28,28,0,0,165,0
OUIGO_TC,2026-09-29,20,0,0,182,0
OUIGO_TC,2026-09-29,21,0,0,182,0
OUIGO_TC,2026-09-29,22,0,0,182,0
OUIGO_TC,2026-09-29,23,0,0,182,0
OUIGO_TC,2026-09-29,24,0,0,182,0
OUIGO_TC,2026-09-29,25,0,0,182,0
OUIGO_TC,2026-09-29,26,0,0,182,0
OUIGO_TC,2026-09-29,27,0,0,182,0
OUIGO_TC,2026-09-29,28,0,0,182,0
OUIGO_TC,2026-09-29,29,0,0,182,0
OUIGO_TC,2026-09-30,21,0,0,182,0
OUIGO_TC,2026-09-30,22,0,0,182,0
OUIGO_TC,2026-09-30,23,0,0,182,0
OUIGO_TC,2026-09-30,24,0,0,182,0
OUIGO_TC,2026-09-30,25,0,0,182,0
OUIGO_TC,2026-09-30,26,0,0,182,0
OUIGO_TC,2026-09-30,27,0,0,182,0
OUIGO_TC,2026-09-30,28,0,0,182,0
OUIGO_TC,2026-09-30,29,0,0,182,0
OUIGO_TC,2026-09-30,30,0,0,182,0
OUIGO_TC,2026-10-01,22,0,0,170,0
OUIGO_TC,2026-10-01,23,0,0,170,0
OUIGO_TC,2026-10-01,24,0,0,170,0
OUIGO_TC,2026-10-01,25,0,0,170,0
OUIGO_TC,2026-10-01,26,0,0,170,0
OUIGO_TC,2026-10-01,27,0,0,170,0
OUIGO_TC,2026-10-01,28,0,0,170,0
OUIGO_TC,2026-10-01,29,0,0,170,0
OUIGO_TC,2026-10-01,30,0,0,170,0
OUIGO_TC,2026-10-02,23,0,0,254,0
OUIGO_TC,2026-10-02,24,0,0,254,0
OUIGO_TC,2026-10-02,25,0,0,254,0
OUIGO_TC,2026-10-02,26,0,0,254,0
OUIGO_TC,2026-10-02,27,0,0,254,0
OUIGO_TC,2026-10-02,28,0,0,254,0
OUIGO_TC,2026-10-02,29,0,0,254,0
OUIGO_TC,2026-10-02,30,0,0,254,0
OUIGO_TC,2026-10-03,24,0,0,195,0
OUIGO_TC,2026-10-03,25,0,0,195,0
OUIGO_TC,2026-10-03,26,0,0,195,0
OUIGO_TC,2026-10-03,27,0,0,195,0
OUIGO_TC,2026-10-03,28,0,0,195,0
OUIGO_TC,2026-10-03,29,0,0,195,0
OUIGO_TC,2026-10-03,30,0,0,195,0
OUIGO_TC,2026-10-04,25,0,0,207,0
OUIGO_TC,2026-10-04,26,0,0,207,0
OUIGO_TC,2026-10-04,27,0,0,207,0
OUIGO_TC,2026-10-04,28,0,0,207,0
OUIGO_TC,2026-10-04,29,0,0,207,0
OUIGO_TC,2026-10-04,30,0,0,207,0
OUIGO_TC,2026-10-05,26,0,0,178,0
OUIGO_TC,2026-10-05,27,0,0,178,0
OUIGO_TC,2026-10-05,28,0,0,178,0
OUIGO_TC,2026-10-05,29,0,0,178,0
OUIGO_TC,2026-10-05,30,0,0,178,0
OUIGO_TC,2026-10-06,27,0,0,182,0
OUIGO_TC,2026-10-06,28,0,0,182,0
OUIGO_TC,2026-10-06,29,0,0,182,0
OUIGO_TC,2026-10-06,30,0,0,182,0
OUIGO_TC,2026-10-07,28,0,0,182,0
OUIGO_TC,2026-10-07,29,0,0,182,0
OUIGO_TC,2026-10-07,30,0,0,182,0
OUIGO_TC,2026-10-08,29,0,0,174,0
OUIGO_TC,2026-10-08,30,0,0,174,0
OUIGO_TC,2026-10-09,30,0,0,285,0
OUIGO_atlantique,2026-09-01,1,0,0,212,0
OUIGO_atlantique,2026-09-02,1,0,0,212,0
OUIGO_atlantique,2026-09-02,2,0,0,212,0
OUIGO_atlantique,2026-09-03,1,0,0,206,0
OUIGO_atlantique,2026-09-03,2,0,0,212,0
OUIGO_atlantique,2026-09-03,3,0,0,212,0
OUIGO_atlantique,2026-09-04,1,0,0,232,0
OUIGO_atlantique,2026-09-04,2,0,0,232,0
OUIGO_atlantique,2026-09-04,3,0,0,232,0
OUIGO_atlantique,2026-09-04,4,0,0,232,0
OUIGO_atlantique,2026-09-05,1,0,0,212,0
OUIGO_atlantique,2026-09-05,2,0,0,212,0
OUIGO_atlantique,2026-09-05,3,0,0,212,0
OUIGO_atlantique,2026-09-05,4,0,0,212,0
OUIGO_atlantique,2026-09-05,5,0,0,212,0
OUIGO_atlantique,2026-09-06,1,0,0,232,0
OUIGO_atlantique,2026-09-06,2,0,0,232,0
OUIGO_atlantique,2026-09-06,3,0,0,232,0
OUIGO_atlantique,2026-09-06,4,0,0,232,0
OUIGO_atlantique,2026-09-06,5,0,0,232,0
OUIGO_atlantique,2026-09-06,6,0,0,232,0
OUIGO_atlantique,2026-09-07,1,0,0,232,0
OUIGO_atlantique,2026-09-07,2,0,0,232,0
OUIGO_atlantique,2026-09-07,3,0,0,232,0
OUIGO_atlantique,2026-09-07,4,0,0,232,0
OUIGO_atlantique,2026-09-07,5,0,0,232,0
OUIGO_atlantique,2026-09-07,6,0,0,232,0
OUIGO_atlantique,2026-09-07,7,0,0,232,0
OUIGO_atlantique,2026-09-08,1,0,0,212,0
OUIGO_atlantique,2026-09-08,2,0,0,212,0
OUIGO_atlantique,2026-09-08,3,0,0,212,0
OUIGO_atlantique,2026-09-08,4,0,0,212,0
OUIGO_atlantique,2026-09-08,5,0,0,212,0
OUIGO_atlantique,2026-09-08,6,0,0,212,0
OUIGO_atlantique,2026-09-08,7,0,0,212,0
OUIGO_atlantique,2026-09-08,8,0,0,212,0
OUIGO_atlantique,2026-09-09,1,0,0,212,0
OUIGO_atlantique,2026-09-09,2,0,0,212,0
OUIGO_atlantique,2026-09-09,3,0,0,212,0
OUIGO_atlantique,2026-09-09,4,0,0,212,0
OUIGO_atlantique,2026-09-09,5,0,0,212,0
OUIGO_atlantique,2026-09-09,6,0,0,212,0
OUIGO_atlantique,2026-09-09,7,0,0,212,0
OUIGO_atlantique,2026-09-09,8,0,0,212,0
OUIGO_atlantique,2026-09-09,9,0,0,212,0
OUIGO_atlantique,2026-09-10,1,0,0,212,0
OUIGO_atlantique,2026-09-10,2,0,0,212,0
OUIGO_atlantique,2026-09-10,3,0,0,212,0
OUIGO_atlantique,2026-09-10,4,0,0,212,0
OUIGO_atlantique,2026-09-10,5,0,0,212,0
OUIGO_atlantique,2026-09-10,6,0,0,212,0
OUIGO_atlantique,2026-09-10,7,0,0,212,0
OUIGO_atlantique,2026-09-10,8,0,0,212,0
OUIGO_atlantique,2026-09-10,9,0,0,212,0
OUIGO_atlantique,2026-09-10,10,0,0,212,0
OUIGO_atlantique,2026-09-11,2,0,0,232,0
OUIGO_atlantique,2026-09-11,3,0,0,232,0
OUIGO_atlantique,2026-09-11,4,0,0,232,0
OUIGO_atlantique,2026-09-11,5,0,0,232,0
OUIGO_atlantique,2026-09-11,6,0,0,232,0
OUIGO_atlantique,2026-09-11,7,0,0,232,0
OUIGO_atlantique,2026-09-11,8,0,0,232,0
OUIGO_atlantique,2026-09-11,9,0,0,232,0
OUIGO_atlantique,2026-09-11,10,0,0,232,0
OUIGO_atlantique,2026-09-11,11,0,0,232,0
OUIGO_atlantique,2026-09-12,3,0,0,221,0
OUIGO_atlantique,2026-09-12,4,0,0,221,0
OUIGO_atlantique,2026-09-12,5,0,0,221,0
OUIGO_atlantique,2026-09-12,6,0,0,221,0
OUIGO_atlantique,2026-09-12,7,0,0,221,0
OUIGO_atlantique,2026-09-12,8,0,0,221,0
OUIGO_atlantique,2026-09-12,9,0,0,221,0
OUIGO_atlantique,2026-09-12,10,0,0,221,0
OUIGO_atlantique,2026-09-12,11,0,0,221,0
OUIGO_atlantique,2026-09-12,12,0,0,221,0
OUIGO_atlantique,2026-09-13,4,0,0,232,0
OUIGO_atlantique,2026-09-13,5,0,0,232,0
OUIGO_atlantique,2026-09-13,6,0,0,232,0
OUIGO_atlantique,2026-09-13,7,0,0,232,0
OUIGO_atlantique,2026-09-13,8,0,0,232,0
OUIGO_atlantique,2026-09-13,9,0,0,232,0
OUIGO_atlantique,2026-09-13,10,0,0,232,0
OUIGO_atlantique,2026-09-13,11,0,0,232,0
OUIGO_atlantique,2026-09-13,12,0,0,232,0
OUIGO_atlantique,2026-09-13,13,0,0,232,0
OUIGO_atlantique,2026-09-14,5,0,0,227,0
OUIGO_atlantique,2026-09-14,6,0,0,227,0
OUIGO_atlantique,2026-09-14,7,0,0,227,0
OUIGO_atlantique,2026-09-14,8,0,0,227,0
OUIGO_atlantique,2026-09-14,9,0,0,227,0
OUIGO_atlantique,2026-09-14,10,0,0,227,0
OUIGO_atlantique,2026-09-14,11,0,0,227,0
OUIGO_atlantique,2026-09-14,12,0,0,227,0
OUIGO_atlantique,2026-09-14,13,0,0,227,0
OUIGO_atlantique,2026-09-14,14,0,0,227,0
OUIGO_atlantique,2026-09-15,6,0,0,207,0
OUIGO_atlantique,2026-09-15,7,0,0,207,0
OUIGO_atlantique,2026-09-15,8,0,0,207,0
OUIGO_atlantique,2026-09-15,9,0,0,207,0
OUIGO_atlantique,2026-09-15,10,0,0,207,0
OUIGO_atlantique,2026-09-15,11,0,0,207,0
OUIGO_atlantique,2026-09-15,12,0,0,207,0
OUIGO_atlantique,2026-09-15,13,0,0,207,0
OUIGO_atlantique,2026-09-15,14,0,0,207,0
OUIGO_atlantique,2026-09-15,15,0,0,207,0
OUIGO_atlantique,2026-09-16,7,0,0,207,0
OUIGO_atlantique,2026-09-16,8,0,0,207,0
OUIGO_atlantique,2026-09-16,9,0,0,207,0
OUIGO_atlantique,2026-09-16,10,0,0,207,0
OUIGO_atlantique,2026-09-16,11,0,0,207,0
OUIGO_atlantique,2026-09-16,12,0,0,207,0
OUIGO_atlantique,2026-09-16,13,0,0,207,0
OUIGO_atlantique,2026-09-16,14,0,0,207,0
OUIGO_atlantique,2026-09-16,15,0,0,207,0
OUIGO_atlantique,2026-09-16,16,0,0,207,0
OUIGO_atlantique,2026-09-17,8,0,0,207,0
OUIGO_atlantique,2026-09-17,9,0,0,207,0
OUIGO_atlantique,2026-09-17,10,0,0,207,0
OUIGO_atlantique,2026-09-17,11,0,0,207,0
OUIGO_atlantique,2026-09-17,12,0,0,207,0
OUIGO_atlantique,2026-09-17,13,0,0,207,0
OUIGO_atlantique,2026-09-17,14,0,0,207,0
OUIGO_atlantique,2026-09-17,15,0,0,207,0
OUIGO_atlantique,2026-09-17,16,0,0,207,0
OUIGO_atlantique,2026-09-17,17,0,0,207,0
OUIGO_atlantique,2026-09-18,9,0,0,227,0
OUIGO_atlantique,2026-09-18,10,0,0,227,0
OUIGO_atlantique,2026-09-18,11,0,0,227,0
OUIGO_atlantique,2026-09-18,12,0,0,227,0
OUIGO_atlantique,2026-09-18,13,0,0,227,0
OUIGO_atlantique,2026-09-18,14,0,0,227,0
OUIGO_atlantique,2026-09-18,15,0,0,227,0
OUIGO_atlantique,2026-09-18,16,0,0,227,0
OUIGO_atlantique,2026-09-18,17,0,0,227,0
OUIGO_atlantique,2026-09-18,18,0,0,227,0
OUIGO_atlantique,2026-09-19,10,0,0,232,0
OUIGO_atlantique,2026-09-19,11,0,0,232,0
OUIGO_atlantique,2026-09-19,12,0,0,232,0
OUIGO_atlantique,2026-09-19,13,0,0,232,0
OUIGO_atlantique,2026-09-19,14,0,0,232,0
OUIGO_atlantique,2026-09-19,15,0,0,232,0
OUIGO_atlantique,2026-09-19,16,0,0,232,0
OUIGO_atlantique,2026-09-19,17,0,0,232,0
OUIGO_atlantique,2026-09-19,18,0,0,232,0
OUIGO_atlantique,2026-09-19,19,0,0,232,0
OUIGO_atlantique,2026-09-20,11,0,0,232,0
OUIGO_atlantique,2026-09-20,12,0,0,232,0
OUIGO_atlantique,2026-09-20,13,0,0,232,0
OUIGO_atlantique,2026-09-20,14,0,0,232,0
OUIGO_atlantique,2026-09-20,15,0,0,232,0
OUIGO_atlantique,2026-09-20,16,0,0,232,0
OUIGO_atlantique,2026-09-20,17,0,0,232,0
OUIGO_atlantique,2026-09-20,18,0,0,232,0
OUIGO_atlantique,2026-09-20,19,0,0,232,0
OUIGO_atlantique,2026-09-20,20,0,0,232,0
OUIGO_atlantique,2026-09-21,12,0,0,227,0
OUIGO_atlantique,2026-09-21,13,0,0,227,0
OUIGO_atlantique,2026-09-21,14,0,0,227,0
OUIGO_atlantique,2026-09-21,15,0,0,227,0
OUIGO_atlantique,2026-09-21,16,0,0,227,0
OUIGO_atlantique,2026-09-21,17,0,0,227,0
OUIGO_atlantique,2026-09-21,18,0,0,227,0
OUIGO_atlantique,2026-09-21,19,0,0,227,0
OUIGO_atlantique,2026-09-21,20,0,0,227,0
OUIGO_atlantique,2026-09-21,21,0,0,227,0
OUIGO_atlantique,2026-09-22,13,0,0,207,0
OUIGO_atlantique,2026-09-22,14,0,0,207,0
OUIGO_atlantique,2026-09-22,15,0,0,207,0
OUIGO_atlantique,2026-09-22,16,0,0,207,0
OUIGO_atlantique,2026-09-22,17,0,0,207,0
OUIGO_atlantique,2026-09-22,18,0,0,207,0
OUIGO_atlantique,2026-09-22,19,0,0,207,0
OUIGO_atlantique,2026-09-22,20,0,0,207,0
OUIGO_atlantique,2026-09-22,21,0,0,207,0
OUIGO_atlantique,2026-09-22,22,0,0,207,0
OUIGO_atlantique,2026-09-23,14,0,0,207,0
OUIGO_atlantique,2026-09-23,15,0,0,207,0
OUIGO_atlantique,2026-09-23,16,0,0,207,0
OUIGO_atlantique,2026-09-23,17,0,0,207,0
OUIGO_atlantique,2026-09-23,18,0,0,207,0
OUIGO_atlantique,2026-09-23,19,0,0,207,0
OUIGO_atlantique,2026-09-23,20,0,0,207,0
OUIGO_atlantique,2026-09-23,21,0,0,207,0
OUIGO_atlantique,2026-09-23,22,0,0,207,0
OUIGO_atlantique,2026-09-23,23,0,0,207,0
OUIGO_atlantique,2026-09-24,15,0,0,207,0
OUIGO_atlantique,2026-09-24,16,0,0,207,0
OUIGO_atlantique,2026-09-24,17,0,0,207,0
OUIGO_atlantique,2026-09-24,18,0,0,207,0
OUIGO_atlantique,2026-09-24,19,0,0,207,0
OUIGO_atlantique,2026-09-24,20,0,0,207,0
OUIGO_atlantique,2026-09-24,21,0,0,207,0
OUIGO_atlantique,2026-09-24,22,0,0,207,0
OUIGO_atlantique,2026-09-24,23,0,0,207,0
OUIGO_atlantique,2026-09-24,24,0,0,207,0
OUIGO_atlantique,2026-09-25,16,0,0,227,0
OUIGO_atlantique,2026-09-25,17,0,0,227,0
OUIGO_atlantique,2026-09-25,18,0,0,227,0
OUIGO_atlantique,2026-09-25,19,0,0,227,0
OUIGO_atlantique,2026-09-25,20,0,0,227,0
OUIGO_atlantique,2026-09-25,21,0,0,227,0
OUIGO_atlantique,2026-09-25,22,0,0,227,0
OUIGO_atlantique,2026-09-25,23,0,0,227,0
OUIGO_atlantique,2026-09-25,24,0,0,227,0
OUIGO_atlantique,2026-09-25,25,0,0,227,0
OUIGO_atlantique,2026-09-26,17,0,0,232,0
OUIGO_atlantique,2026-09-26,18,0,0,232,0
OUIGO_atlantique,2026-09-26,19,0,0,232,0
OUIGO_atlantique,2026-09-26,20,0,0,232,0
OUIGO_atlantique,2026-09-26,21,0,0,232,0
OUIGO_atlantique,2026-09-26,22,0,0,232,0
OUIGO_atlantique,2026-09-26,23,0,0,232,0
OUIGO_atlantique,2026-09-26,24,0,0,232,0
OUIGO_atlantique,2026-09-26,25,0,0,232,0
OUIGO_atlantique,2026-09-26,26,0,0,232,0
OUIGO_atlantique,2026-09-27,18,0,0,232,0
OUIGO_atlantique,2026-09-27,19,0,0,232,0
OUIGO_atlantique,2026-09-27,20,0,0,232,0
OUIGO_atlantique,2026-09-27,21,0,0,232,0
OUIGO_atlantique,2026-09-27,22,0,0,232,0
OUIGO_atlantique,2026-09-27,23,0,0,232,0
OUIGO_atlantique,2026-09-27,24,0,0,232,0
OUIGO_atlantique,2026-09-27,25,0,0,232,0
OUIGO_atlantique,2026-09-27,26,0,0,232,0
OUIGO_atlantique,2026-09-27,27,0,0,232,0
OUIGO_atlantique,2026-09-28,19,0,0,227,0
OUIGO_atlantique,2026-09-28,20,0,0,227,0
OUIGO_atlantique,2026-09-28,21,0,0,227,0
OUIGO_atlantique,2026-09-28,22,0,0,227,0
OUIGO_atlantique,2026-09-28,23,0,0,227,0
OUIGO_atlantique,2026-09-28,24,0,0,227,0
OUIGO_atlantique,2026-09-28,25,0,0,227,0
OUIGO_atlantique,2026-09-28,26,0,0,227,0
OUIGO_atlantique,2026-09-28,27,0,0,227,0
OUIGO_atlantique,2026-09-28,28,0,0,227,0
OUIGO_atlantique,2026-09-29,20,0,0,207,0
OUIGO_atlantique,2026-09-29,21,0,0,207,0
OUIGO_atlantique,2026-09-29,22,0,0,207,0
OUIGO_atlantique,2026-09-29,23,0,0,207,0
OUIGO_atlantique,2026-09-29,24,0,0,207,0
OUIGO_atlantique,2026-09-29,25,0,0,207,0
OUIGO_atlantique,2026-09-29,26,0,0,207,0
OUIGO_atlantique,2026-09-29,27,0,0,207,0
OUIGO_atlantique,2026-09-29,28,0,0,207,0
OUIGO_atlantique,2026-09-29,29,0,0,207,0
OUIGO_atlantique,2026-09-30,21,0,0,207,0
OUIGO_atlantique,2026-09-30,22,0,0,207,0
OUIGO_atlantique,2026-09-30,23,0,0,207,0
OUIGO_atlantique,2026-09-30,24,0,0,207,0
OUIGO_atlantique,2026-09-30,25,0,0,207,0
OUIGO_atlantique,2026-09-30,26,0,0,207,0
OUIGO_atlantique,2026-09-30,27,0,0,207,0
OUIGO_atlantique,2026-09-30,28,0,0,207,0
OUIGO_atlantique,2026-09-30,29,0,0,207,0
OUIGO_atlantique,2026-09-30,30,0,0,207,0
OUIGO_atlantique,2026-10-01,22,0,0,207,0
OUIGO_atlantique,2026-10-01,23,0,0,207,0
OUIGO_atlantique,2026-10-01,24,0,0,207,0
OUIGO_atlantique,2026-10-01,25,0,0,207,0
OUIGO_atlantique,2026-10-01,26,0,0,207,0
OUIGO_atlantique,2026-10-01,27,0,0,207,0
OUIGO_atlantique,2026-10-01,28,0,0,207,0
OUIGO_atlantique,2026-10-01,29,0,0,207,0
OUIGO_atlantique,2026-10-01,30,0,0,207,0
OUIGO_atlantique,2026-10-02,23,0,0,227,0
OUIGO_atlantique,2026-10-02,24,0,0,227,0
OUIGO_atlantique,2026-10-02,25,0,0,227,0
OUIGO_atlantique,2026-10-02,26,0,0,227,0
OUIGO_atlantique,2026-10-02,27,0,0,227,0
OUIGO_atlantique,2026-10-02,28,0,0,227,0
OUIGO_atlantique,2026-10-02,29,0,0,227,0
OUIGO_atlantique,2026-10-02,30,0,0,227,0
OUIGO_atlantique,2026-10-03,24,0,0,202,0
OUIGO_atlantique,2026-10-03,25,0,0,202,0
OUIGO_atlantique,2026-10-03,26,0,0,202,0
OUIGO_atlantique,2026-10-03,27,0,0,202,0
OUIGO_atlantique,2026-10-03,28,0,0,202,0
OUIGO_atlantique,2026-10-03,29,0,0,202,0
OUIGO_atlantique,2026-10-03,30,0,0,202,0
OUIGO_atlantique,2026-10-04,25,0,0,232,0
OUIGO_atlantique,2026-10-04,26,0,0,232,0
OUIGO_atlantique,2026-10-04,27,0,0,232,0
OUIGO_atlantique,2026-10-04,28,0,0,232,0
OUIGO_atlantique,2026-10-04,29,0,0,232,0
OUIGO_atlantique,2026-10-04,30,0,0,232,0
OUIGO_atlantique,2026-10-05,26,0,0,227,0
OUIGO_atlantique,2026-10-05,27,0,0,227,0
OUIGO_atlantique,2026-10-05,28,0,0,227,0
OUIGO_atlantique,2026-10-05,29,0,0,227,0
OUIGO_atlantique,2026-10-05,30,0,0,227,0
OUIGO_atlantique,2026-10-06,27,0,0,207,0
OUIGO_atlantique,2026-10-06,28,0,0,207,0
OUIGO_atlantique,2026-10-06,29,0,0,207,0
OUIGO_atlantique,2026-10-06,30,0,0,207,0
OUIGO_atlantique,2026-10-07,28,0,0,207,0
OUIGO_atlantique,2026-10-07,29,0,0,207,0
OUIGO_atlantique,2026-10-07,30,0,0,207,0
OUIGO_atlantique,2026-10-08,29,0,0,207,0
OUIGO_atlantique,2026-10-08,30,0,0,207,0
OUIGO_atlantique,2026-10-09,30,0,0,227,0
OUIGO_est,2026-09-01,1,0,0,10,0
OUIGO_est,2026-09-02,1,0,0,10,0
OUIGO_est,2026-09-02,2,0,0,10,0
OUIGO_est,2026-09-03,1,0,0,10,0
OUIGO_est,2026-09-03,2,0,0,10,0
OUIGO_est,2026-09-03,3,0,0,10,0
OUIGO_est,2026-09-04,1,0,0,10,0
OUIGO_est,2026-09-04,2,0,0,10,0
OUIGO_est,2026-09-04,3,0,0,10,0
OUIGO_est,2026-09-04,4,0,0,10,0
OUIGO_est,2026-09-05,1,0,0,10,0
OUIGO_est,2026-09-05,2,0,0,10,0
OUIGO_est,2026-09-05,3,0,0,10,0
OUIGO_est,2026-09-05,4,0,0,10,0
OUIGO_est,2026-09-05,5,0,0,10,0
OUIGO_est,2026-09-06,1,0,0,10,0
OUIGO_est,2026-09-06,2,0,0,10,0
OUIGO_est,2026-09-06,3,0,0,10,0
OUIGO_est,2026-09-06,4,0,0,10,0
OUIGO_est,2026-09-06,5,0,0,10,0
OUIGO_est,2026-09-06,6,0,0,10,0
OUIGO_est,2026-09-07,1,0,0,10,0
OUIGO_est,2026-09-07,2,0,0,10,0
OUIGO_est,2026-09-07,3,0,0,10,0
OUIGO_est,2026-09-07,4,0,0,10,0
OUIGO_est,2026-09-07,5,0,0,10,0
OUIGO_est,2026-09-07,6,0,0,10,0
OUIGO_est,2026-09-07,7,0,0,10,0
OUIGO_est,2026-09-08,1,0,0,10,0
OUIGO_est,2026-09-08,2,0,0,10,0
OUIGO_est,2026-09-08,3,0,0,10,0
OUIGO_est,2026-09-08,4,0,0,10,0
OUIGO_est,2026-09-08,5,0,0,10,0
OUIGO_est,2026-09-08,6,0,0,10,0
OUIGO_est,2026-09-08,7,0,0,10,0
OUIGO_est,2026-09-08,8,0,0,10,0
OUIGO_est,2026-09-09,1,0,0,10,0
OUIGO_est,2026-09-09,2,0,0,10,0
OUIGO_est,2026-09-09,3,0,0,10,0
OUIGO_est,2026-09-09,4,0,0,10,0
OUIGO_est,2026-09-09,5,0,0,10,0
OUIGO_est,2026-09-09,6,0,0,10,0
OUIGO_est,2026-09-09,7,0,0,10,0
OUIGO_est,2026-09-09,8,0,0,10,0
OUIGO_est,2026-09-09,9,0,0,10,0
OUIGO_est,2026-09-10,1,0,0,10,0
OUIGO_est,2026-09-10,2,0,0,10,0
OUIGO_est,2026-09-10,3,0,0,10,0
OUIGO_est,2026-09-10,4,0,0,10,0
OUIGO_est,2026-09-10,5,0,0,10,0
OUIGO_est,2026-09-10,6,0,0,10,0
OUIGO_est,2026-09-10,7,0,0,10,0
OUIGO_est,2026-09-10,8,0,0,10,0
OUIGO_est,2026-09-10,9,0,0,10,0
OUIGO_est,2026-09-10,10,0,0,10,0
OUIGO_est,2026-09-11,2,0,0,10,0
OUIGO_est,2026-09-11,3,0,0,10,0
OUIGO_est,2026-09-11,4,0,0,10,0
OUIGO_est,2026-09-11,5,0,0,10,0
OUIGO_est,2026-09-11,6,0,0,10,0
OUIGO_est,2026-09-11,7,0,0,10,0
OUIGO_est,2026-09-11,8,0,0,10,0
OUIGO_est,2026-09-11,9,0,0,10,0
OUIGO_est,2026-09-11,10,0,0,10,0
OUIGO_est,2026-09-11,11,0,0,10,0
OUIGO_est,2026-09-12,3,0,0,10,0
OUIGO_est,2026-09-12,4,0,0,10,0
OUIGO_est,2026-09-12,5,0,0,10,0
OUIGO_est,2026-09-12,6,0,0,10,0
OUIGO_est,2026-09-12,7,0,0,10,0
OUIGO_est,2026-09-12,8,0,0,10,0
OUIGO_est,2026-09-12,9,0,0,10,0
OUIGO_est,2026-09-12,10,0,0,10,0
OUIGO_est,2026-09-12,11,0,0,10,0
OUIGO_est,2026-09-12,12,0,0,10,0
OUIGO_est,2026-09-13,4,0,0,10,0
OUIGO_est,2026-09-13,5,0,0,10,0
OUIGO_est,2026-09-13,6,0,0,10,0
OUIGO_est,2026-09-13,7,0,0,10,0
OUIGO_est,2026-09-13,8,0,0,10,0
OUIGO_est,2026-09-13,9,0,0,10,0
OUIGO_est,2026-09-13,10,0,0,10,0
OUIGO_est,2026-09-13,11,0,0,10,0
OUIGO_est,2026-09-13,12,0,0,10,0
OUIGO_est,2026-09-13,13,0,0,10,0
OUIGO_est,2026-09-14,5,0,0,10,0
OUIGO_est,2026-09-14,6,0,0,10,0
OUIGO_est,2026-09-14,7,0,0,10,0
OUIGO_est,2026-09-14,8,0,0,10,0
OUIGO_est,2026-09-14,9,0,0,10,0
OUIGO_est,2026-09-14,10,0,0,10,0
OUIGO_est,2026-09-14,11,0,0,10,0
OUIGO_est,2026-09-14,12,0,0,10,0
OUIGO_est,2026-09-14,13,0,0,10,0
OUIGO_est,2026-09-14,14,0,0,10,0
OUIGO_est,2026-09-15,6,0,0,10,0
OUIGO_est,2026-09-15,7,0,0,10,0
OUIGO_est,2026-09-15,8,0,0,10,0
OUIGO_est,2026-09-15,9,0,0,10,0
OUIGO_est,2026-09-15,10,0,0,10,0
OUIGO_est,2026-09-15,11,0,0,10,0
OUIGO_est,2026-09-15,12,0,0,10,0
OUIGO_est,2026-09-15,13,0,0,10,0
OUIGO_est,2026-09-15,14,0,0,10,0
OUIGO_est,2026-09-15,15,0,0,10,0
OUIGO_est,2026-09-16,7,0,0,10,0
OUIGO_est,2026-09-16,8,0,0,10,0
OUIGO_est,2026-09-16,9,0,0,10,0
OUIGO_est,2026-09-16,10,0,0,10,0
OUIGO_est,2026-09-16,11,0,0,10,0
OUIGO_est,2026-09-16,12,0,0,10,0
OUIGO_est,2026-09-16,13,0,0,10,0
OUIGO_est,2026-09-16,14,0,0,10,0
OUIGO_est,2026-09-16,15,0,0,10,0
OUIGO_est,2026-09-16,16,0,0,10,0
OUIGO_est,2026-09-17,8,0,0,10,0
OUIGO_est,2026-09-17,9,0,0,10,0
OUIGO_est,2026-09-17,10,0,0,10,0
OUIGO_est,2026-09-17,11,0,0,10,0
OUIGO_est,2026-09-17,12,0,0,10,0
OUIGO_est,2026-09-17,13,0,0,10,0
OUIGO_est,2026-09-17,14,0,0,10,0
OUIGO_est,2026-09-17,15,0,0,10,0
OUIGO_est,2026-09-17,16,0,0,10,0
OUIGO_est,2026-09-17,17,0,0,10,0
OUIGO_est,2026-09-18,9,0,0,10,0
OUIGO_est,2026-09-18,10,0,0,10,0
OUIGO_est,2026-09-18,11,0,0,10,0
OUIGO_est,2026-09-18,12,0,0,10,0
OUIGO_est,2026-09-18,13,0,0,10,0
OUIGO_est,2026-09-18,14,0,0,10,0
OUIGO_est,2026-09-18,15,0,0,10,0
OUIGO_est,2026-09-18,16,0,0,10,0
OUIGO_est,2026-09-18,17,0,0,10,0
OUIGO_est,2026-09-18,18,0,0,10,0
OUIGO_est,2026-09-19,10,0,0,10,0
OUIGO_est,2026-09-19,11,0,0,10,0
OUIGO_est,2026-09-19,12,0,0,10,0
OUIGO_est,2026-09-19,13,0,0,10,0
OUIGO_est,2026-09-19,14,0,0,10,0
OUIGO_est,2026-09-19,15,0,0,10,0
OUIGO_est,2026-09-19,16,0,0,10,0
OUIGO_est,2026-09-19,17,0,0,10,0
OUIGO_est,2026-09-19,18,0,0,10,0
OUIGO_est,2026-09-19,19,0,0,10,0
OUIGO_est,2026-09-20,11,0,0,10,0
OUIGO_est,2026-09-20,12,0,0,10,0
OUIGO_est,2026-09-20,13,0,0,10,0
OUIGO_est,2026-09-20,14,0,0,10,0
OUIGO_est,2026-09-20,15,0,0,10,0
OUIGO_est,2026-09-20,16,0,0,10,0
OUIGO_est,2026-09-20,17,0,0,10,0
OUIGO_est,2026-09-20,18,0,0,10,0
OUIGO_est,2026-09-20,19,0,0,10,0
OUIGO_est,2026-09-20,20,0,0,10,0
OUIGO_est,2026-09-21,12,0,0,10,0
OUIGO_est,2026-09-21,13,0,0,10,0
OUIGO_est,2026-09-21,14,0,0,10,0
OUIGO_est,2026-09-21,15,0,0,10,0
OUIGO_est,2026-09-21,16,0,0,10,0
OUIGO_est,2026-09-21,17,0,0,10,0
OUIGO_est,2026-09-21,18,0,0,10,0
OUIGO_est,2026-09-21,19,0,0,10,0
OUIGO_est,2026-09-21,20,0,0,10,0
OUIGO_est,2026-09-21,21,0,0,10,0
OUIGO_est,2026-09-22,13,0,0,10,0
OUIGO_est,2026-09-22,14,0,0,10,0
OUIGO_est,2026-09-22,15,0,0,10,0
OUIGO_est,2026-09-22,16,0,0,10,0
OUIGO_est,2026-09-22,17,0,0,10,0
OUIGO_est,2026-09-22,18,0,0,10,0
OUIGO_est,2026-09-22,19,0,0,10,0
OUIGO_est,2026-09-22,20,0,0,10,0
OUIGO_est,2026-09-22,21,0,0,10,0
OUIGO_est,2026-09-22,22,0,0,10,0
OUIGO_est,2026-09-23,14,0,0,10,0
OUIGO_est,2026-09-23,15,0,0,10,0
OUIGO_est,2026-09-23,16,0,0,10,0
OUIGO_est,2026-09-23,17,0,0,10,0
OUIGO_est,2026-09-23,18,0,0,10,0
OUIGO_est,2026-09-23,19,0,0,10,0
OUIGO_est,2026-09-23,20,0,0,10,0
OUIGO_est,2026-09-23,21,0,0,10,0
OUIGO_est,2026-09-23,22,0,0,10,0
OUIGO_est,2026-09-23,23,0,0,10,0
OUIGO_est,2026-09-24,15,0,0,10,0
OUIGO_est,2026-09-24,16,0,0,10,0
OUIGO_est,2026-09-24,17,0,0,10,0
OUIGO_est,2026-09-24,18,0,0,10,0
OUIGO_est,2026-09-24,19,0,0,10,0
OUIGO_est,2026-09-24,20,0,0,10,0
OUIGO_est,2026-09-24,21,0,0,10,0
OUIGO_est,2026-09-24,22,0,0,10,0
OUIGO_est,2026-09-24,23,0,0,10,0
OUIGO_est,2026-09-24,24,0,0,10,0
OUIGO_est,2026-09-25,16,0,0,10,0
OUIGO_est,2026-09-25,17,0,0,10,0
OUIGO_est,2026-09-25,18,0,0,10,0
OUIGO_est,2026-09-25,19,0,0,10,0
OUIGO_est,2026-09-25,20,0,0,10,0
OUIGO_est,2026-09-25,21,0,0,10,0
OUIGO_est,2026-09-25,22,0,0,10,0
OUIGO_est,2026-09-25,23,0,0,10,0
OUIGO_est,2026-09-25,24,0,0,10,0
OUIGO_est,2026-09-25,25,0,0,10,0
OUIGO_est,2026-09-26,17,0,0,10,0
OUIGO_est,2026-09-26,18,0,0,10,0
OUIGO_est,2026-09-26,19,0,0,10,0
OUIGO_est,2026-09-26,20,0,0,10,0
OUIGO_est,2026-09-26,21,0,0,10,0
OUIGO_est,2026-09-26,22,0,0,10,0
OUIGO_est,2026-09-26,23,0,0,10,0
OUIGO_est,2026-09-26,24,0,0,10,0
OUIGO_est,2026-09-26,25,0,0,10,0
OUIGO_est,2026-09-26,26,0,0,10,0
OUIGO_est,2026-09-27,18,0,0,10,0
OUIGO_est,2026-09-27,19,0,0,10,0
OUIGO_est,2026-09-27,20,0,0,10,0
OUIGO_est,2026-09-27,21,0,0,10,0
OUIGO_est,2026-09-27,22,0,0,10,0
OUIGO_est,2026-09-27,23,0,0,10,0
OUIGO_est,2026-09-27,24,0,0,10,0
OUIGO_est,2026-09-27,25,0,0,10,0
OUIGO_est,2026-09-27,26,0,0,10,0
OUIGO_est,2026-09-27,27,0,0,10,0
OUIGO_est,2026-09-28,19,0,0,10,0
OUIGO_est,2026-09-28,20,0,0,10,0
OUIGO_est,2026-09-28,21,0,0,10,0
OUIGO_est,2026-09-28,22,0,0,10,0
OUIGO_est,2026-09-28,23,0,0,10,0
OUIGO_est,2026-09-28,24,0,0,10,0
OUIGO_est,2026-09-28,25,0,0,10,0
OUIGO_est,2026-09-28,26,0,0,10,0
OUIGO_est,2026-09-28,27,0,0,10,0
OUIGO_est,2026-09-28,28,0,0,10,0
OUIGO_est,2026-09-29,20,0,0,10,0
OUIGO_est,2026-09-29,21,0,0,10,0
OUIGO_est,2026-09-29,22,0,0,10,0
OUIGO_est,2026-09-29,23,0,0,10,0
OUIGO_est,2026-09-29,24,0,0,10,0
OUIGO_est,2026-09-29,25,0,0,10,0
OUIGO_est,2026-09-29,26,0,0,10,0
OUIGO_est,2026-09-29,27,0,0,10,0
OUIGO_est,2026-09-29,28,0,0,10,0
OUIGO_est,2026-09-29,29,0,0,10,0
OUIGO_est,2026-09-30,21,0,0,10,0
OUIGO_est,2026-09-30,22,0,0,10,0
OUIGO_est,2026-09-30,23,0,0,10,0
OUIGO_est,2026-09-30,24,0,0,10,0
OUIGO_est,2026-09-30,25,0,0,10,0
OUIGO_est,2026-09-30,26,0,0,10,0
OUIGO_est,2026-09-30,27,0,0,10,0
OUIGO_est,2026-09-30,28,0,0,10,0
OUIGO_est,2026-09-30,29,0,0,10,0
OUIGO_est,2026-09-30,30,0,0,10,0
OUIGO_est,2026-10-01,22,0,0,10,0
OUIGO_est,2026-10-01,23,0,0,10,0
OUIGO_est,2026-10-01,24,0,0,10,0
OUIGO_est,2026-10-01,25,0,0,10,0
OUIGO_est,2026-10-01,26,0,0,10,0
OUIGO_est,2026-10-01,27,0,0,10,0
OUIGO_est,2026-10-01,28,0,0,10,0
OUIGO_est,2026-10-01,29,0,0,10,0
OUIGO_est,2026-10-01,30,0,0,10,0
OUIGO_est,2026-10-02,23,0,0,10,0
OUIGO_est,2026-10-02,24,0,0,10,0
OUIGO_est,2026-10-02,25,0,0,10,0
OUIGO_est,2026-10-02,26,0,0,10,0
OUIGO_est,2026-10-02,27,0,0,10,0
OUIGO_est,2026-10-02,28,0,0,10,0
OUIGO_est,2026-10-02,29,0,0,10,0
OUIGO_est,2026-10-02,30,0,0,10,0
OUIGO_est,2026-10-03,24,0,0,10,0
OUIGO_est,2026-10-03,25,0,0,10,0
OUIGO_est,2026-10-03,26,0,0,10,0
OUIGO_est,2026-10-03,27,0,0,10,0
OUIGO_est,2026-10-03,28,0,0,10,0
OUIGO_est,2026-10-03,29,0,0,10,0
OUIGO_est,2026-10-03,30,0,0,10,0
OUIGO_est,2026-10-04,25,0,0,10,0
OUIGO_est,2026-10-04,26,0,0,10,0
OUIGO_est,2026-10-04,27,0,0,10,0
OUIGO_est,2026-10-04,28,0,0,10,0
OUIGO_est,2026-10-04,29,0,0,10,0
OUIGO_est,2026-10-04,30,0,0,10,0
OUIGO_est,2026-10-05,26,0,0,10,0
OUIGO_est,2026-10-05,27,0,0,10,0
OUIGO_est,2026-10-05,28,0,0,10,0
OUIGO_est,2026-10-05,29,0,0,10,0
OUIGO_est,2026-10-05,30,0,0,10,0
OUIGO_est,2026-10-06,27,0,0,10,0
OUIGO_est,2026-10-06,28,0,0,10,0
OUIGO_est,2026-10-06,29,0,0,10,0
OUIGO_est,2026-10-06,30,0,0,10,0
OUIGO_est,2026-10-07,28,0,0,10,0
OUIGO_est,2026-10-07,29,0,0,10,0
OUIGO_est,2026-10-07,30,0,0,10,0
OUIGO_est,2026-10-08,29,0,0,10,0
OUIGO_est,2026-10-08,30,0,0,10,0
OUIGO_est,2026-10-09,30,0,0,10,0
OUIGO_nord,2026-09-01,1,0,0,298,0
OUIGO_nord,2026-09-02,1,0,0,298,0
OUIGO_nord,2026-09-02,2,0,0,298,0
OUIGO_nord,2026-09-03,1,0,0,298,0
OUIGO_nord,2026-09-03,2,0,0,298,0
OUIGO_nord,2026-09-03,3,0,0,298,0
OUIGO_nord,2026-09-04,1,0,0,298,0
OUIGO_nord,2026-09-04,2,0,0,298,0
OUIGO_nord,2026-09-04,3,0,0,298,0
OUIGO_nord,2026-09-04,4,0,0,298,0
OUIGO_nord,2026-09-05,1,0,0,289,0
OUIGO_nord,2026-09-05,2,0,0,289,0
OUIGO_nord,2026-09-05,3,0,0,289,0
OUIGO_nord,2026-09-05,4,0,0,289,0
OUIGO_nord,2026-09-05,5,0,0,289,0
OUIGO_nord,2026-09-06,1,0,0,298,0
OUIGO_nord,2026-09-06,2,0,0,298,0
OUIGO_nord,2026-09-06,3,0,0,298,0
OUIGO_nord,2026-09-06,4,0,0,298,0
OUIGO_nord,2026-09-06,5,0,0,298,0
OUIGO_nord,2026-09-06,6,0,0,298,0
OUIGO_nord,2026-09-07,1,0,0,298,0
OUIGO_nord,2026-09-07,2,0,0,298,0
OUIGO_nord,2026-09-07,3,0,0,298,0
OUIGO_nord,2026-09-07,4,0,0,298,0
OUIGO_nord,2026-09-07,5,0,0,298,0
OUIGO_nord,2026-09-07,6,0,0,298,0
OUIGO_nord,2026-09-07,7,0,0,298,0
OUIGO_nord,2026-09-08,1,0,0,272,0
OUIGO_nord,2026-09-08,2,0,0,298,0
OUIGO_nord,2026-09-08,3,0,0,298,0
OUIGO_nord,2026-09-08,4,0,0,298,0
OUIGO_nord,2026-09-08,5,0,0,298,0
OUIGO_nord,2026-09-08,6,0,0,298,0
OUIGO_nord,2026-09-08,7,0,0,298,0
OUIGO_nord,2026-09-08,8,0,0,298,0
OUIGO_nord,2026-09-09,1,0,0,298,0
OUIGO_nord,2026-09-09,2,0,0,298,0
OUIGO_nord,2026-09-09,3,0,0,298,0
OUIGO_nord,2026-09-09,4,0,0,298,0
OUIGO_nord,2026-09-09,5,0,0,298,0
OUIGO_nord,2026-09-09,6,0,0,298,0
OUIGO_nord,2026-09-09,7,0,0,298,0
OUIGO_nord,2026-09-09,8,0,0,298,0
OUIGO_nord,2026-09-09,9,0,0,298,0
OUIGO_nord,2026-09-10,1,0,0,298,0
OUIGO_nord,2026-09-10,2,0,0,298,0
OUIGO_nord,2026-09-10,3,0,0,298,0
OUIGO_nord,2026-09-10,4,0,0,298,0
OUIGO_nord,2026-09-10,5,0,0,298,0
OUIGO_nord,2026-09-10,6,0,0,298,0
OUIGO_nord,2026-09-10,7,0,0,298,0
OUIGO_nord,2026-09-10,8,0,0,298,0
OUIGO_nord,2026-09-10,9,0,0,298,0
OUIGO_nord,2026-09-10,10,0,0,298,0
OUIGO_nord,2026-09-11,2,0,0,298,0
OUIGO_nord,2026-09-11,3,0,0,298,0
OUIGO_nord,2026-09-11,4,0,0,298,0
OUIGO_nord,2026-09-11,5,0,0,298,0
OUIGO_nord,2026-09-11,6,0,0,298,0
OUIGO_nord,2026-09-11,7,0,0,298,0
OUIGO_nord,2026-09-11,8,0,0,298,0
OUIGO_nord,2026-09-11,9,0,0,298,0
OUIGO_nord,2026-09-11,10,0,0,298,0
OUIGO_nord,2026-09-11,11,0,0,298,0
OUIGO_nord,2026-09-12,3,0,0,289,0
OUIGO_nord,2026-09-12,4,0,0,289,0
OUIGO_nord,2026-09-12,5,0,0,289,0
OUIGO_nord,2026-09-12,6,0,0,289,0
OUIGO_nord,2026-09-12,7,0,0,289,0
OUIGO_nord,2026-09-12,8,0,0,289,0
OUIGO_nord,2026-09-12,9,0,0,289,0
OUIGO_nord,2026-09-12,10,0,0,289,0
OUIGO_nord,2026-09-12,11,0,0,289,0
OUIGO_nord,2026-09-12,12,0,0,289,0
OUIGO_nord,2026-09-13,4,0,0,298,0
OUIGO_nord,2026-09-13,5,0,0,298,0
OUIGO_nord,2026-09-13,6,0,0,298,0
OUIGO_nord,2026-09-13,7,0,0,298,0
OUIGO_nord,2026-09-13,8,0,0,298,0
OUIGO_nord,2026-09-13,9,0,0,298,0
OUIGO_nord,2026-09-13,10,0,0,298,0
OUIGO_nord,2026-09-13,11,0,0,298,0
OUIGO_nord,2026-09-13,12,0,0,298,0
OUIGO_nord,2026-09-13,13,0,0,298,0
OUIGO_nord,2026-09-14,5,0,0,298,0
OUIGO_nord,2026-09-14,6,0,0,298,0
OUIGO_nord,2026-09-14,7,0,0,298,0
OUIGO_nord,2026-09-14,8,0,0,298,0
OUIGO_nord,2026-09-14,9,0,0,298,0
OUIGO_nord,2026-09-14,10,0,0,298,0
OUIGO_nord,2026-09-14,11,0,0,298,0
OUIGO_nord,2026-09-14,12,0,0,298,0
OUIGO_nord,2026-09-14,13,0,0,298,0
OUIGO_nord,2026-09-14,14,0,0,298,0
OUIGO_nord,2026-09-15,6,0,0,298,0
OUIGO_nord,2026-09-15,7,0,0,298,0
OUIGO_nord,2026-09-15,8,0,0,298,0
OUIGO_nord,2026-09-15,9,0,0,298,0
OUIGO_nord,2026-09-15,10,0,0,298,0
OUIGO_nord,2026-09-15,11,0,0,298,0
OUIGO_nord,2026-09-15,12,0,0,298,0
OUIGO_nord,2026-09-15,13,0,0,298,0
OUIGO_nord,2026-09-15,14,0,0,298,0
OUIGO_nord,2026-09-15,15,0,0,298,0
OUIGO_nord,2026-09-16,7,0,0,298,0
OUIGO_nord,2026-09-16,8,0,0,298,0
OUIGO_nord,2026-09-16,9,0,0,298,0
OUIGO_nord,2026-09-16,10,0,0,298,0
OUIGO_nord,2026-09-16,11,0,0,298,0
OUIGO_nord,2026-09-16,12,0,0,298,0
OUIGO_nord,2026-09-16,13,0,0,298,0
OUIGO_nord,2026-09-16,14,0,0,298,0
OUIGO_nord,2026-09-16,15,0,0,298,0
OUIGO_nord,2026-09-16,16,0,0,298,0
OUIGO_nord,2026-09-17,8,0,0,298,0
OUIGO_nord,2026-09-17,9,0,0,298,0
OUIGO_nord,2026-09-17,10,0,0,298,0
OUIGO_nord,2026-09-17,11,0,0,298,0
OUIGO_nord,2026-09-17,12,0,0,298,0
OUIGO_nord,2026-09-17,13,0,0,298,0
OUIGO_nord,2026-09-17,14,0,0,298,0
OUIGO_nord,2026-09-17,15,0,0,298,0
OUIGO_nord,2026-09-17,16,0,0,298,0
OUIGO_nord,2026-09-17,17,0,0,298,0
OUIGO_nord,2026-09-18,9,0,0,298,0
OUIGO_nord,2026-09-18,10,0,0,298,0
OUIGO_nord,2026-09-18,11,0,0,298,0
OUIGO_nord,2026-09-18,12,0,0,298,0
OUIGO_nord,2026-09-18,13,0,0,298,0
OUIGO_nord,2026-09-18,14,0,0,298,0
OUIGO_nord,2026-09-18,15,0,0,298,0
OUIGO_nord,2026-09-18,16,0,0,298,0
OUIGO_nord,2026-09-18,17,0,0,298,0
OUIGO_nord,2026-09-18,18,0,0,298,0
OUIGO_nord,2026-09-19,10,0,0,242,0
OUIGO_nord,2026-09-19,11,0,0,242,0
OUIGO_nord,2026-09-19,12,0,0,242,0
OUIGO_nord,2026-09-19,13,0,0,242,0
OUIGO_nord,2026-09-19,14,0,0,242,0
OUIGO_nord,2026-09-19,15,0,0,242,0
OUIGO_nord,2026-09-19,16,0,0,242,0
OUIGO_nord,2026-09-19,17,0,0,242,0
OUIGO_nord,2026-09-19,18,0,0,242,0
OUIGO_nord,2026-09-19,19,0,0,242,0
OUIGO_nord,2026-09-20,11,0,0,250,0
OUIGO_nord,2026-09-20,12,0,0,250,0
OUIGO_nord,2026-09-20,13,0,0,250,0
OUIGO_nord,2026-09-20,14,0,0,250,0
OUIGO_nord,2026-09-20,15,0,0,250,0
OUIGO_nord,2026-09-20,16,0,0,250,0
OUIGO_nord,2026-09-20,17,0,0,250,0
OUIGO_nord,2026-09-20,18,0,0,250,0
OUIGO_nord,2026-09-20,19,0,0,250,0
OUIGO_nord,2026-09-20,20,0,0,250,0
OUIGO_nord,2026-09-21,12,0,0,298,0
OUIGO_nord,2026-09-21,13,0,0,298,0
OUIGO_nord,2026-09-21,14,0,0,298,0
OUIGO_nord,2026-09-21,15,0,0,298,0
OUIGO_nord,2026-09-21,16,0,0,298,0
OUIGO_nord,2026-09-21,17,0,0,298,0
OUIGO_nord,2026-09-21,18,0,0,298,0
OUIGO_nord,2026-09-21,19,0,0,298,0
OUIGO_nord,2026-09-21,20,0,0,298,0
OUIGO_nord,2026-09-21,21,0,0,298,0
OUIGO_nord,2026-09-22,13,0,0,298,0
OUIGO_nord,2026-09-22,14,0,0,298,0
OUIGO_nord,2026-09-22,15,0,0,298,0
OUIGO_nord,2026-09-22,16,0,0,298,0
OUIGO_nord,2026-09-22,17,0,0,298,0
OUIGO_nord,2026-09-22,18,0,0,298,0
OUIGO_nord,2026-09-22,19,0,0,298,0
OUIGO_nord,2026-09-22,20,0,0,298,0
OUIGO_nord,2026-09-22,21,0,0,298,0
OUIGO_nord,2026-09-22,22,0,0,298,0
OUIGO_nord,2026-09-23,14,0,0,298,0
OUIGO_nord,2026-09-23,15,0,0,298,0
OUIGO_nord,2026-09-23,16,0,0,298,0
OUIGO_nord,2026-09-23,17,0,0,298,0
OUIGO_nord,2026-09-23,18,0,0,298,0
OUIGO_nord,2026-09-23,19,0,0,298,0
OUIGO_nord,2026-09-23,20,0,0,298,0
OUIGO_nord,2026-09-23,21,0,0,298,0
OUIGO_nord,2026-09-23,22,0,0,298,0
OUIGO_nord,2026-09-23,23,0,0,298,0
OUIGO_nord,2026-09-24,15,0,0,298,0
OUIGO_nord,2026-09-24,16,0,0,298,0
OUIGO_nord,2026-09-24,17,0,0,298,0
OUIGO_nord,2026-09-24,18,0,0,298,0
OUIGO_nord,2026-09-24,19,0,0,298,0
OUIGO_nord,2026-09-24,20,0,0,298,0
OUIGO_nord,2026-09-24,21,0,0,298,0
OUIGO_nord,2026-09-24,22,0,0,298,0
OUIGO_nord,2026-09-24,23,0,0,298,0
OUIGO_nord,2026-09-24,24,0,0,298,0
OUIGO_nord,2026-09-25,16,0,0,298,0
OUIGO_nord,2026-09-25,17,0,0,298,0
OUIGO_nord,2026-09-25,18,0,0,298,0
OUIGO_nord,2026-09-25,19,0,0,298,0
OUIGO_nord,2026-09-25,20,0,0,298,0
OUIGO_nord,2026-09-25,21,0,0,298,0
OUIGO_nord,2026-09-25,22,0,0,298,0
OUIGO_nord,2026-09-25,23,0,0,298,0
OUIGO_nord,2026-09-25,24,0,0,298,0
OUIGO_nord,2026-09-25,25,0,0,298,0
OUIGO_nord,2026-09-26,17,0,0,242,0
OUIGO_nord,2026-09-26,18,0,0,242,0
OUIGO_nord,2026-09-26,19,0,0,242,0
OUIGO_nord,2026-09-26,20,0,0,242,0
OUIGO_nord,2026-09-26,21,0,0,242,0
OUIGO_nord,2026-09-26,22,0,0,242,0
OUIGO_nord,2026-09-26,23,0,0,242,0
OUIGO_nord,2026-09-26,24,0,0,242,0
OUIGO_nord,2026-09-26,25,0,0,242,0
OUIGO_nord,2026-09-26,26,0,0,242,0
OUIGO_nord,2026-09-27,18,0,0,250,0
OUIGO_nord,2026-09-27,19,0,0,250,0
OUIGO_nord,2026-09-27,20,0,0,250,0
OUIGO_nord,2026-09-27,21,0,0,250,0
OUIGO_nord,2026-09-27,22,0,0,250,0
OUIGO_nord,2026-09-27,23,0,0,250,0
OUIGO_nord,2026-09-27,24,0,0,250,0
OUIGO_nord,2026-09-27,25,0,0,250,0
OUIGO_nord,2026-09-27,26,0,0,250,0
OUIGO_nord,2026-09-27,27,0,0,250,0
OUIGO_nord,2026-09-28,19,0,0,298,0
OUIGO_nord,2026-09-28,20,0,0,298,0
OUIGO_nord,2026-09-28,21,0,0,298,0
OUIGO_nord,2026-09-28,22,0,0,298,0
OUIGO_nord,2026-09-28,23,0,0,298,0
OUIGO_nord,2026-09-28,24,0,0,298,0
OUIGO_nord,2026-09-28,25,0,0,298,0
OUIGO_nord,2026-09-28,26,0,0,298,0
OUIGO_nord,2026-09-28,27,0,0,298,0
OUIGO_nord,2026-09-28,28,0,0,298,0
OUIGO_nord,2026-09-29,20,0,0,298,0
OUIGO_nord,2026-09-29,21,0,0,298,0
OUIGO_nord,2026-09-29,22,0,0,298,0
OUIGO_nord,2026-09-29,23,0,0,298,0
OUIGO_nord,2026-09-29,24,0,0,298,0
OUIGO_nord,2026-09-29,25,0,0,298,0
OUIGO_nord,2026-09-29,26,0,0,298,0
OUIGO_nord,2026-09-29,27,0,0,298,0
OUIGO_nord,2026-09-29,28,0,0,298,0
OUIGO_nord,2026-09-29,29,0,0,298,0
OUIGO_nord,2026-09-30,21,0,0,298,0
OUIGO_nord,2026-09-30,22,0,0,298,0
OUIGO_nord,2026-09-30,23,0,0,298,0
OUIGO_nord,2026-09-30,24,0,0,298,0
OUIGO_nord,2026-09-30,25,0,0,298,0
OUIGO_nord,2026-09-30,26,0,0,298,0
OUIGO_nord,2026-09-30,27,0,0,298,0
OUIGO_nord,2026-09-30,28,0,0,298,0
OUIGO_nord,2026-09-30,29,0,0,298,0
OUIGO_nord,2026-09-30,30,0,0,298,0
OUIGO_nord,2026-10-01,22,0,0,298,0
OUIGO_nord,2026-10-01,23,0,0,298,0
OUIGO_nord,2026-10-01,24,0,0,298,0
OUIGO_nord,2026-10-01,25,0,0,298,0
OUIGO_nord,2026-10-01,26,0,0,298,0
OUIGO_nord,2026-10-01,27,0,0,298,0
OUIGO_nord,2026-10-01,28,0,0,298,0
OUIGO_nord,2026-10-01,29,0,0,298,0
OUIGO_nord,2026-10-01,30,0,0,298,0
OUIGO_nord,2026-10-02,23,0,0,268,0
OUIGO_nord,2026-10-02,24,0,0,268,0
OUIGO_nord,2026-10-02,25,0,0,268,0
OUIGO_nord,2026-10-02,26,0,0,268,0
OUIGO_nord,2026-10-02,27,0,0,268,0
OUIGO_nord,2026-10-02,28,0,0,268,0
OUIGO_nord,2026-10-02,29,0,0,268,0
OUIGO_nord,2026-10-02,30,0,0,268,0
OUIGO_nord,2026-10-03,24,0,0,188,0
OUIGO_nord,2026-10-03,25,0,0,188,0
OUIGO_nord,2026-10-03,26,0,0,188,0
OUIGO_nord,2026-10-03,27,0,0,188,0
OUIGO_nord,2026-10-03,28,0,0,188,0
OUIGO_nord,2026-10-03,29,0,0,188,0
OUIGO_nord,2026-10-03,30,0,0,188,0
OUIGO_nord,2026-10-04,25,0,0,197,0
OUIGO_nord,2026-10-04,26,0,0,197,0
OUIGO_nord,2026-10-04,27,0,0,197,0
OUIGO_nord,2026-10-04,28,0,0,197,0
OUIGO_nord,2026-10-04,29,0,0,197,0
OUIGO_nord,2026-10-04,30,0,0,197,0
OUIGO_nord,2026-10-05,26,0,0,264,0
OUIGO_nord,2026-10-05,27,0,0,264,0
OUIGO_nord,2026-10-05,28,0,0,264,0
OUIGO_nord,2026-10-05,29,0,0,264,0
OUIGO_nord,2026-10-05,30,0,0,264,0
OUIGO_nord,2026-10-06,27,0,0,264,0
OUIGO_nord,2026-10-06,28,0,0,264,0
OUIGO_nord,2026-10-06,29,0,0,264,0
OUIGO_nord,2026-10-06,30,0,0,264,0
OUIGO_nord,2026-10-07,28,0,0,264,0
OUIGO_nord,2026-10-07,29,0,0,264,0
OUIGO_nord,2026-10-07,30,0,0,264,0
OUIGO_nord,2026-10-08,29,0,0,264,0
OUIGO_nord,2026-10-08,30,0,0,264,0
OUIGO_nord,2026-10-09,30,0,0,264,0
OUIGO_sud-est,2026-09-01,1,0,0,219,0
OUIGO_sud-est,2026-09-02,1,0,0,219,0
OUIGO_sud-est,2026-09-02,2,0,0,219,0
OUIGO_sud-est,2026-09-03,1,0,0,219,0
OUIGO_sud-est,2026-09-03,2,0,0,219,0
OUIGO_sud-est,2026-09-03,3,0,0,219,0
OUIGO_sud-est,2026-09-04,1,0,0,219,0
OUIGO_sud-est,2026-09-04,2,0,0,219,0
OUIGO_sud-est,2026-09-04,3,0,0,219,0
OUIGO_sud-est,2026-09-04,4,0,0,219,0
OUIGO_sud-est,2026-09-05,1,0,0,219,0
OUIGO_sud-est,2026-09-05,2,0,0,219,0
OUIGO_sud-est,2026-09-05,3,0,0,219,0
OUIGO_sud-est,2026-09-05,4,0,0,219,0
OUIGO_sud-est,2026-09-05,5,0,0,219,0
OUIGO_sud-est,2026-09-06,1,0,0,219,0
OUIGO_sud-est,2026-09-06,2,0,0,219,0
OUIGO_sud-est,2026-09-06,3,0,0,219,0
OUIGO_sud-est,2026-09-06,4,0,0,219,0
OUIGO_sud-est,2026-09-06,5,0,0,219,0
OUIGO_sud-est,2026-09-06,6,0,0,219,0
OUIGO_sud-est,2026-09-07,1,0,0,219,0
OUIGO_sud-est,2026-09-07,2,0,0,219,0
OUIGO_sud-est,2026-09-07,3,0,0,219,0
OUIGO_sud-est,2026-09-07,4,0,0,219,0
OUIGO_sud-est,2026-09-07,5,0,0,219,0
OUIGO_sud-est,2026-09-07,6,0,0,219,0
OUIGO_sud-est,2026-09-07,7,0,0,219,0
OUIGO_sud-est,2026-09-08,1,0,0,219,0
OUIGO_sud-est,2026-09-08,2,0,0,219,0
OUIGO_sud-est,2026-09-08,3,0,0,219,0
OUIGO_sud-est,2026-09-08,4,0,0,219,0
OUIGO_sud-est,2026-09-08,5,0,0,219,0
OUIGO_sud-est,2026-09-08,6,0,0,219,0
OUIGO_sud-est,2026-09-08,7,0,0,219,0
OUIGO_sud-est,2026-09-08,8,0,0,219,0
OUIGO_sud-est,2026-09-09,1,0,0,219,0
OUIGO_sud-est,2026-09-09,2,0,0,219,0
OUIGO_sud-est,2026-09-09,3,0,0,219,0
OUIGO_sud-est,2026-09-09,4,0,0,219,0
OUIGO_sud-est,2026-09-09,5,0,0,219,0
OUIGO_sud-est,2026-09-09,6,0,0,219,0
OUIGO_sud-est,2026-09-09,7,0,0,219,0
OUIGO_sud-est,2026-09-09,8,0,0,219,0
OUIGO_sud-est,2026-09-09,9,0,0,219,0
OUIGO_sud-est,2026-09-10,1,0,0,219,0
OUIGO_sud-est,2026-09-10,2,0,0,219,0
OUIGO_sud-est,2026-09-10,3,0,0,219,0
OUIGO_sud-est,2026-09-10,4,0,0,219,0
OUIGO_sud-est,2026-09-10,5,0,0,219,0
OUIGO_sud-est,2026-09-10,6,0,0,219,0
OUIGO_sud-est,2026-09-10,7,0,0,219,0
OUIGO_sud-est,2026-09-10,8,0,0,219,0
OUIGO_sud-est,2026-09-10,9,0,0,219,0
OUIGO_sud-est,2026-09-10,10,0,0,219,0
OUIGO_sud-est,2026-09-11,2,0,0,219,0
OUIGO_sud-est,2026-09-11,3,0,0,219,0
OUIGO_sud-est,2026-09-11,4,0,0,219,0
OUIGO_sud-est,2026-09-11,5,0,0,219,0
OUIGO_sud-est,2026-09-11,6,0,0,219,0
OUIGO_sud-est,2026-09-11,7,0,0,219,0
OUIGO_sud-est,2026-09-11,8,0,0,219,0
OUIGO_sud-est,2026-09-11,9,0,0,219,0
OUIGO_sud-est,2026-09-11,10,0,0,219,0
OUIGO_sud-est,2026-09-11,11,0,0,219,0
OUIGO_sud-est,2026-09-12,3,0,0,219,0
OUIGO_sud-est,2026-09-12,4,0,0,219,0
OUIGO_sud-est,2026-09-12,5,0,0,219,0
OUIGO_sud-est,2026-09-12,6,0,0,219,0
OUIGO_sud-est,2026-09-12,7,0,0,219,0
OUIGO_sud-est,2026-09-12,8,0,0,219,0
OUIGO_sud-est,2026-09-12,9,0,0,219,0
OUIGO_sud-est,2026-09-12,10,0,0,219,0
OUIGO_sud-est,2026-09-12,11,0,0,219,0
OUIGO_sud-est,2026-09-12,12,0,0,219,0
OUIGO_sud-est,2026-09-13,4,0,0,219,0
OUIGO_sud-est,2026-09-13,5,0,0,219,0
OUIGO_sud-est,2026-09-13,6,0,0,219,0
OUIGO_sud-est,2026-09-13,7,0,0,219,0
OUIGO_sud-est,2026-09-13,8,0,0,219,0
OUIGO_sud-est,2026-09-13,9,0,0,219,0
OUIGO_sud-est,2026-09-13,10,0,0,219,0
OUIGO_sud-est,2026-09-13,11,0,0,219,0
OUIGO_sud-est,2026-09-13,12,0,0,219,0
OUIGO_sud-est,2026-09-13,13,0,0,219,0
OUIGO_sud-est,2026-09-14,5,0,0,219,0
OUIGO_sud-est,2026-09-14,6,0,0,219,0
OUIGO_sud-est,2026-09-14,7,0,0,219,0
OUIGO_sud-est,2026-09-14,8,0,0,219,0
OUIGO_sud-est,2026-09-14,9,0,0,219,0
OUIGO_sud-est,2026-09-14,10,0,0,219,0
OUIGO_sud-est,2026-09-14,11,0,0,219,0
OUIGO_sud-est,2026-09-14,12,0,0,219,0
OUIGO_sud-est,2026-09-14,13,0,0,219,0
OUIGO_sud-est,2026-09-14,14,0,0,219,0
OUIGO_sud-est,2026-09-15,6,0,0,219,0
OUIGO_sud-est,2026-09-15,7,0,0,219,0
OUIGO_sud-est,2026-09-15,8,0,0,219,0
OUIGO_sud-est,2026-09-15,9,0,0,219,0
OUIGO_sud-est,2026-09-15,10,0,0,219,0
OUIGO_sud-est,2026-09-15,11,0,0,219,0
OUIGO_sud-est,2026-09-15,12,0,0,219,0
OUIGO_sud-est,2026-09-15,13,0,0,219,0
OUIGO_sud-est,2026-09-15,14,0,0,219,0
OUIGO_sud-est,2026-09-15,15,0,0,219,0
OUIGO_sud-est,2026-09-16,7,0,0,219,0
OUIGO_sud-est,2026-09-16,8,0,0,219,0
OUIGO_sud-est,2026-09-16,9,0,0,219,0
OUIGO_sud-est,2026-09-16,10,0,0,219,0
OUIGO_sud-est,2026-09-16,11,0,0,219,0
OUIGO_sud-est,2026-09-16,12,0,0,219,0
OUIGO_sud-est,2026-09-16,13,0,0,219,0
OUIGO_sud-est,2026-09-16,14,0,0,219,0
OUIGO_sud-est,2026-09-16,15,0,0,219,0
OUIGO_sud-est,2026-09-16,16,0,0,219,0
OUIGO_sud-est,2026-09-17,8,0,0,219,0
OUIGO_sud-est,2026-09-17,9,0,0,219,0
OUIGO_sud-est,2026-09-17,10,0,0,219,0
OUIGO_sud-est,2026-09-17,11,0,0,219,0
OUIGO_sud-est,2026-09-17,12,0,0,219,0
OUIGO_sud-est,2026-09-17,13,0,0,219,0
OUIGO_sud-est,2026-09-17,14,0,0,219,0
OUIGO_sud-est,2026-09-17,15,0,0,219,0
OUIGO_sud-est,2026-09-17,16,0,0,219,0
OUIGO_sud-est,2026-09-17,17,0,0,219,0
OUIGO_sud-est,2026-09-18,9,0,0,198,0
OUIGO_sud-est,2026-09-18,10,0,0,198,0
OUIGO_sud-est,2026-09-18,11,0,0,198,0
OUIGO_sud-est,2026-09-18,12,0,0,198,0
OUIGO_sud-est,2026-09-18,13,0,0,198,0
OUIGO_sud-est,2026-09-18,14,0,0,198,0
OUIGO_sud-est,2026-09-18,15,0,0,198,0
OUIGO_sud-est,2026-09-18,16,0,0,198,0
OUIGO_sud-est,2026-09-18,17,0,0,198,0
OUIGO_sud-est,2026-09-18,18,0,0,198,0
OUIGO_sud-est,2026-09-19,10,0,0,120,0
OUIGO_sud-est,2026-09-19,11,0,0,120,0
OUIGO_sud-est,2026-09-19,12,0,0,120,0
OUIGO_sud-est,2026-09-19,13,0,0,120,0
OUIGO_sud-est,2026-09-19,14,0,0,120,0
OUIGO_sud-est,2026-09-19,15,0,0,120,0
OUIGO_sud-est,2026-09-19,16,0,0,120,0
OUIGO_sud-est,2026-09-19,17,0,0,120,0
OUIGO_sud-est,2026-09-19,18,0,0,120,0
OUIGO_sud-est,2026-09-19,19,0,0,120,0
OUIGO_sud-est,2026-09-20,11,0,0,183,0
OUIGO_sud-est,2026-09-20,12,0,0,183,0
OUIGO_sud-est,2026-09-20,13,0,0,183,0
OUIGO_sud-est,2026-09-20,14,0,0,183,0
OUIGO_sud-est,2026-09-20,15,0,0,183,0
OUIGO_sud-est,2026-09-20,16,0,0,183,0
OUIGO_sud-est,2026-09-20,17,0,0,183,0
OUIGO_sud-est,2026-09-20,18,0,0,183,0
OUIGO_sud-est,2026-09-20,19,0,0,183,0
OUIGO_sud-est,2026-09-20,20,0,0,183,0
OUIGO_sud-est,2026-09-21,12,0,0,219,0
OUIGO_sud-est,2026-09-21,13,0,0,219,0
OUIGO_sud-est,2026-09-21,14,0,0,219,0
OUIGO_sud-est,2026-09-21,15,0,0,219,0
OUIGO_sud-est,2026-09-21,16,0,0,219,0
OUIGO_sud-est,2026-09-21,17,0,0,219,0
OUIGO_sud-est,2026-09-21,18,0,0,219,0
OUIGO_sud-est,2026-09-21,19,0,0,219,0
OUIGO_sud-est,2026-09-21,20,0,0,219,0
OUIGO_sud-est,2026-09-21,21,0,0,219,0
OUIGO_sud-est,2026-09-22,13,0,0,219,0
OUIGO_sud-est,2026-09-22,14,0,0,219,0
OUIGO_sud-est,2026-09-22,15,0,0,219,0
OUIGO_sud-est,2026-09-22,16,0,0,219,0
OUIGO_sud-est,2026-09-22,17,0,0,219,0
OUIGO_sud-est,2026-09-22,18,0,0,219,0
OUIGO_sud-est,2026-09-22,19,0,0,219,0
OUIGO_sud-est,2026-09-22,20,0,0,219,0
OUIGO_sud-est,2026-09-22,21,0,0,219,0
OUIGO_sud-est,2026-09-22,22,0,0,219,0
OUIGO_sud-est,2026-09-23,14,0,0,219,0
OUIGO_sud-est,2026-09-23,15,0,0,219,0
OUIGO_sud-est,2026-09-23,16,0,0,219,0
OUIGO_sud-est,2026-09-23,17,0,0,219,0
OUIGO_sud-est,2026-09-23,18,0,0,219,0
OUIGO_sud-est,2026-09-23,19,0,0,219,0
OUIGO_sud-est,2026-09-23,20,0,0,219,0
OUIGO_sud-est,2026-09-23,21,0,0,219,0
OUIGO_sud-est,2026-09-23,22,0,0,219,0
OUIGO_sud-est,2026-09-23,23,0,0,219,0
OUIGO_sud-est,2026-09-24,15,0,0,219,0
OUIGO_sud-est,2026-09-24,16,0,0,219,0
OUIGO_sud-est,2026-09-24,17,0,0,219,0
OUIGO_sud-est,2026-09-24,18,0,0,219,0
OUIGO_sud-est,2026-09-24,19,0,0,219,0
OUIGO_sud-est,2026-09-24,20,0,0,219,0
OUIGO_sud-est,2026-09-24,21,0,0,219,0
OUIGO_sud-est,2026-09-24,22,0,0,219,0
OUIGO_sud-est,2026-09-24,23,0,0,219,0
OUIGO_sud-est,2026-09-24,24,0,0,219,0
OUIGO_sud-est,2026-09-25,16,0,0,219,0
OUIGO_sud-est,2026-09-25,17,0,0,219,0
OUIGO_sud-est,2026-09-25,18,0,0,219,0
OUIGO_sud-est,2026-09-25,19,0,0,219,0
OUIGO_sud-est,2026-09-25,20,0,0,219,0
OUIGO_sud-est,2026-09-25,21,0,0,219,0
OUIGO_sud-est,2026-09-25,22,0,0,219,0
OUIGO_sud-est,2026-09-25,23,0,0,219,0
OUIGO_sud-est,2026-09-25,24,0,0,219,0
OUIGO_sud-est,2026-09-25,25,0,0,219,0
OUIGO_sud-est,2026-09-26,17,0,0,211,0
OUIGO_sud-est,2026-09-26,18,0,0,211,0
OUIGO_sud-est,2026-09-26,19,0,0,211,0
OUIGO_sud-est,2026-09-26,20,0,0,211,0
OUIGO_sud-est,2026-09-26,21,0,0,211,0
OUIGO_sud-est,2026-09-26,22,0,0,211,0
OUIGO_sud-est,2026-09-26,23,0,0,211,0
OUIGO_sud-est,2026-09-26,24,0,0,211,0
OUIGO_sud-est,2026-09-26,25,0,0,211,0
OUIGO_sud-est,2026-09-26,26,0,0,211,0
OUIGO_sud-est,2026-09-27,18,0,0,211,0
OUIGO_sud-est,2026-09-27,19,0,0,211,0
OUIGO_sud-est,2026-09-27,20,0,0,211,0
OUIGO_sud-est,2026-09-27,21,0,0,211,0
OUIGO_sud-est,2026-09-27,22,0,0,211,0
OUIGO_sud-est,2026-09-27,23,0,0,211,0
OUIGO_sud-est,2026-09-27,24,0,0,211,0
OUIGO_sud-est,2026-09-27,25,0,0,211,0
OUIGO_sud-est,2026-09-27,26,0,0,211,0
OUIGO_sud-est,2026-09-27,27,0,0,211,0
OUIGO_sud-est,2026-09-28,19,0,0,219,0
OUIGO_sud-est,2026-09-28,20,0,0,219,0
OUIGO_sud-est,2026-09-28,21,0,0,219,0
OUIGO_sud-est,2026-09-28,22,0,0,219,0
OUIGO_sud-est,2026-09-28,23,0,0,219,0
OUIGO_sud-est,2026-09-28,24,0,0,219,0
OUIGO_sud-est,2026-09-28,25,0,0,219,0
OUIGO_sud-est,2026-09-28,26,0,0,219,0
OUIGO_sud-est,2026-09-28,27,0,0,219,0
OUIGO_sud-est,2026-09-28,28,0,0,219,0
OUIGO_sud-est,2026-09-29,20,0,0,219,0
OUIGO_sud-est,2026-09-29,21,0,0,219,0
OUIGO_sud-est,2026-09-29,22,0,0,219,0
OUIGO_sud-est,2026-09-29,23,0,0,219,0
OUIGO_sud-est,2026-09-29,24,0,0,219,0
OUIGO_sud-est,2026-09-29,25,0,0,219,0
OUIGO_sud-est,2026-09-29,26,0,0,219,0
OUIGO_sud-est,2026-09-29,27,0,0,219,0
OUIGO_sud-est,2026-09-29,28,0,0,219,0
OUIGO_sud-est,2026-09-29,29,0,0,219,0
OUIGO_sud-est,2026-09-30,21,0,0,219,0
OUIGO_sud-est,2026-09-30,22,0,0,219,0
OUIGO_sud-est,2026-09-30,23,0,0,219,0
OUIGO_sud-est,2026-09-30,24,0,0,219,0
OUIGO_sud-est,2026-09-30,25,0,0,219,0
OUIGO_sud-est,2026-09-30,26,0,0,219,0
OUIGO_sud-est,2026-09-30,27,0,0,219,0
OUIGO_sud-est,2026-09-30,28,0,0,219,0
OUIGO_sud-est,2026-09-30,29,0,0,219,0
OUIGO_sud-est,2026-09-30,30,0,0,219,0
OUIGO_sud-est,2026-10-01,22,0,0,219,0
OUIGO_sud-est,2026-10-01,23,0,0,219,0
OUIGO_sud-est,2026-10-01,24,0,0,219,0
OUIGO_sud-est,2026-10-01,25,0,0,219,0
OUIGO_sud-est,2026-10-01,26,0,0,219,0
OUIGO_sud-est,2026-10-01,27,0,0,219,0
OUIGO_sud-est,2026-10-01,28,0,0,219,0
OUIGO_sud-est,2026-10-01,29,0,0,219,0
OUIGO_sud-est,2026-10-01,30,0,0,219,0
OUIGO_sud-est,2026-10-02,23,0,0,219,0
OUIGO_sud-est,2026-10-02,24,0,0,219,0
OUIGO_sud-est,2026-10-02,25,0,0,219,0
OUIGO_sud-est,2026-10-02,26,0,0,219,0
OUIGO_sud-est,2026-10-02,27,0,0,219,0
OUIGO_sud-est,2026-10-02,28,0,0,219,0
OUIGO_sud-est,2026-10-02,29,0,0,219,0
OUIGO_sud-est,2026-10-02,30,0,0,219,0
OUIGO_sud-est,2026-10-03,24,0,0,219,0
OUIGO_sud-est,2026-10-03,25,0,0,219,0
OUIGO_sud-est,2026-10-03,26,0,0,219,0
OUIGO_sud-est,2026-10-03,27,0,0,219,0
OUIGO_sud-est,2026-10-03,28,0,0,219,0
OUIGO_sud-est,2026-10-03,29,0,0,219,0
OUIGO_sud-est,2026-10-03,30,0,0,219,0
OUIGO_sud-est,2026-10-04,25,0,0,219,0
OUIGO_sud-est,2026-10-04,26,0,0,219,0
OUIGO_sud-est,2026-10-04,27,0,0,219,0
OUIGO_sud-est,2026-10-04,28,0,0,219,0
OUIGO_sud-est,2026-10-04,29,0,0,219,0
OUIGO_sud-est,2026-10-04,30,0,0,219,0
OUIGO_sud-est,2026-10-05,26,0,0,219,0
OUIGO_sud-est,2026-10-05,27,0,0,219,0
OUIGO_sud-est,2026-10-05,28,0,0,219,0
OUIGO_sud-est,2026-10-05,29,0,0,219,0
OUIGO_sud-est,2026-10-05,30,0,0,219,0
OUIGO_sud-est,2026-10-06,27,0,0,219,0
OUIGO_sud-est,2026-10-06,28,0,0,219,0
OUIGO_sud-est,2026-10-06,29,0,0,219,0
OUIGO_sud-est,2026-10-06,30,0,0,219,0
OUIGO_sud-est,2026-10-07,28,0,0,219,0
OUIGO_sud-est,2026-10-07,29,0,0,219,0
OUIGO_sud-est,2026-10-07,30,0,0,219,0
OUIGO_sud-est,2026-10-08,29,0,0,219,0
OUIGO_sud-est,2026-10-08,30,0,0,219,0
OUIGO_sud-est,2026-10-09,30,0,0,219,0
SUD EST,2026-09-01,1,1458,58,507,14
SUD EST,2026-09-02,1,1476,71,506,27
SUD EST,2026-09-02,2,1451,83,538,115
SUD EST,2026-09-03,1,1465,145,551,30
SUD EST,2026-09-03,2,1517,69,506,24
SUD EST,2026-09-03,3,1516,34,507,35
SUD EST,2026-09-04,1,1134,61,957,80
SUD EST,2026-09-04,2,1203,141,895,79
SUD EST,2026-09-04,3,1303,161,795,61
SUD EST,2026-09-04,4,694,0,1404,609
SUD EST,2026-09-05,1,1313,123,680,77
SUD EST,2026-09-05,2,1337,87,670,77
SUD EST,2026-09-05,3,1314,64,693,87
SUD EST,2026-09-05,4,825,4,1182,493
SUD EST,2026-09-05,5,847,52,1160,30
SUD EST,2026-09-06,1,815,27,1434,40
SUD EST,2026-09-06,2,821,75,1435,76
SUD EST,2026-09-06,3,813,73,1443,81
SUD EST,2026-09-06,4,578,0,1678,235
SUD EST,2026-09-06,5,529,46,1727,95
SUD EST,2026-09-06,6,554,69,1702,44
SUD EST,2026-09-07,1,1077,91,872,153
SUD EST,2026-09-07,2,1105,94,854,76
SUD EST,2026-09-07,3,1121,100,838,84
SUD EST,2026-09-07,4,676,11,1283,456
SUD EST,2026-09-07,5,635,68,1324,109
SUD EST,2026-09-07,6,660,80,1299,55
SUD EST,2026-09-07,7,671,57,1288,46
SUD EST,2026-09-08,1,1474,45,507,40
SUD EST,2026-09-08,2,1435,46,554,93
SUD EST,2026-09-08,3,1433,43,556,45
SUD EST,2026-09-08,4,1051,9,938,391
SUD EST,2026-09-08,5,978,57,1011,130
SUD EST,2026-09-08,6,979,77,1010,76
SUD EST,2026-09-08,7,1115,186,874,50
SUD EST,2026-09-08,8,1034,16,955,97
SUD EST,2026-09-09,1,1488,152,505,57
SUD EST,2026-09-09,2,1502,66,498,59
SUD EST,2026-09-09,3,1383,9,617,128
SUD EST,2026-09-09,4,997,1,1003,387
SUD EST,2026-09-09,5,924,61,1076,134
SUD EST,2026-09-09,6,832,50,1168,142
SUD EST,2026-09-09,7,889,99,1111,42
SUD EST,2026-09-09,8,974,134,1026,49
SUD EST,2026-09-09,9,965,49,1035,58
SUD EST,2026-09-10,1,1280,286,745,47
SUD EST,2026-09-10,2,1307,83,725,63
SUD EST,2026-09-10,3,1292,17,740,32
SUD EST,2026-09-10,4,610,0,1422,682
SUD EST,2026-09-10,5,653,108,1379,65
SUD EST,2026-09-10,6,615,43,1417,81
SUD EST,2026-09-10,7,641,69,1391,43
SUD EST,2026-09-10,8,667,106,1365,80
SUD EST,2026-09-10,9,731,139,1301,75
SUD EST,2026-09-10,10,697,71,1335,105
SUD EST,2026-09-11,1,751,21,1355,120
SUD EST,2026-09-11,2,829,117,1284,41
SUD EST,2026-09-11,3,837,90,1276,82
SUD EST,2026-09-11,4,438,6,1675,405
SUD EST,2026-09-11,5,425,31,1688,44
SUD EST,2026-09-11,6,466,61,1647,20
SUD EST,2026-09-11,7,473,79,1640,72
SUD EST,2026-09-11,8,390,12,1723,95
SUD EST,2026-09-11,9,413,102,1700,79
SUD EST,2026-09-11,10,434,81,1679,60
SUD EST,2026-09-11,11,434,51,1679,51
SUD EST,2026-09-12,1,1086,55,733,74
SUD EST,2026-09-12,2,1072,87,758,112
SUD EST,2026-09-12,3,1076,91,754,87
SUD EST,2026-09-12,4,746,6,1084,336
SUD EST,2026-09-12,5,739,56,1091,63
SUD EST,2026-09-12,6,660,22,1170,101
SUD EST,2026-09-12,7,669,79,1161,70
SUD EST,2026-09-12,8,551,7,1279,125
SUD EST,2026-09-12,9,611,81,1219,21
SUD EST,2026-09-12,10,611,45,1219,45
SUD EST,2026-09-12,11,643,69,1187,37
SUD EST,2026-09-12,12,276,0,1554,367
SUD EST,2026-09-13,2,788,79,1430,26
SUD EST,2026-09-13,3,796,77,1422,69
SUD EST,2026-09-13,4,415,9,1803,390
SUD EST,2026-09-13,5,442,51,1776,24
SUD EST,2026-09-13,6,425,18,1793,35
SUD EST,2026-09-13,7,445,81,1773,61
SUD EST,2026-09-13,8,412,54,1806,87
SUD EST,2026-09-13,9,392,38,1826,58
SUD EST,2026-09-13,10,396,62,1822,58
SUD EST,2026-09-13,11,404,50,1814,42
SUD EST,2026-09-13,12,265,2,1953,141
SUD EST,2026-09-13,13,256,3,1962,12
SUD EST,2026-09-14,3,983,68,976,108
SUD EST,2026-09-14,4,528,4,1431,459
SUD EST,2026-09-14,5,555,72,1404,45
SUD EST,2026-09-14,6,626,113,1333,42
SUD EST,2026-09-14,7,522,26,1437,130
SUD EST,2026-09-14,8,435,28,1524,115
SUD EST,2026-09-14,9,414,48,1545,69
SUD EST,2026-09-14,10,449,61,1510,26
SUD EST,2026-09-14,11,468,67,1491,48
SUD EST,2026-09-14,12,210,0,1749,258
SUD EST,2026-09-14,13,202,35,1757,43
SUD EST,2026-09-14,14,208,23,1751,17
SUD EST,2026-09-15,4,845,16,1138,367
SUD EST,2026-09-15,5,865,62,1118,42
SUD EST,2026-09-15,6,907,104,1076,62
SUD EST,2026-09-15,7,965,86,1018,28
SUD EST,2026-09-15,8,895,12,1088,82
SUD EST,2026-09-15,9,855,0,1128,40
SUD EST,2026-09-15,10,867,26,1116,14
SUD EST,2026-09-15,11,800,9,1183,76
SUD EST,2026-09-15,12,419,0,1564,381
SUD EST,2026-09-15,13,454,56,1529,21
SUD EST,2026-09-15,14,418,9,1565,45
SUD EST,2026-09-15,15,393,0,1590,25
SUD EST,2026-09-16,5,748,32,1245,58
SUD EST,2026-09-16,6,834,149,1159,63
SUD EST,2026-09-16,7,810,82,1183,106
SUD EST,2026-09-16,8,829,62,1164,43
SUD EST,2026-09-16,9,875,124,1118,78
SUD EST,2026-09-16,10,812,8,1181,71
SUD EST,2026-09-16,11,766,32,1227,78
SUD EST,2026-09-16,12,432,2,1561,336
SUD EST,2026-09-16,13,387,21,1606,66
SUD EST,2026-09-16,14,357,2,1636,32
SUD EST,2026-09-16,15,410,58,1583,5
SUD EST,2026-09-16,16,395,0,1598,15
SUD EST,2026-09-17,6,624,55,1408,42
SUD EST,2026-09-17,7,565,39,1467,98
SUD EST,2026-09-17,8,641,102,1391,26
SUD EST,2026-09-17,9,681,57,1351,17
SUD EST,2026-09-17,10,683,76,1349,74
SUD EST,2026-09-17,11,660,45,1372,68
SUD EST,2026-09-17,12,293,5,1739,372
SUD EST,2026-09-17,13,291,52,1741,54
SUD EST,2026-09-17,14,264,16,1768,43
SUD EST,2026-09-17,15,224,7,1808,47
SUD EST,2026-09-17,16,206,29,1826,47
SUD EST,2026-09-17,17,211,20,1821,15
SUD EST,2026-09-18,7,408,55,1690,30
SUD EST,2026-09-18,8,348,11,1750,71
SUD EST,2026-09-18,9,361,23,1737,10
SUD EST,2026-09-18,10,387,55,1711,29
SUD EST,2026-09-18,11,327,5,1771,65
SUD EST,2026-09-18,12,227,0,1871,100
SUD EST,2026-09-18,13,210,5,1888,22
SUD EST,2026-09-18,14,211,7,1887,6
SUD EST,2026-09-18,15,196,0,1902,15
SUD EST,2026-09-18,16,204,14,1894,6
SUD EST,2026-09-18,17,185,3,1913,22
SUD EST,2026-09-18,18,166,2,1932,21
SUD EST,2026-09-19,8,505,33,870,71
SUD EST,2026-09-19,9,507,56,868,54
SUD EST,2026-09-19,10,555,84,820,36
SUD EST,2026-09-19,11,524,35,851,66
SUD EST,2026-09-19,12,290,14,1085,248
SUD EST,2026-09-19,13,253,4,1122,41
SUD EST,2026-09-19,14,219,29,1156,63
SUD EST,2026-09-19,15,194,10,1181,35
SUD EST,2026-09-19,16,227,36,1148,3
SUD EST,2026-09-19,17,257,44,1118,14
SUD EST,2026-09-19,18,222,14,1153,49
SUD EST,2026-09-19,19,226,6,1149,2
SUD EST,2026-09-20,9,304,28,1795,26
SUD EST,2026-09-20,10,291,23,1808,36
SUD EST,2026-09-20,11,319,44,1779,16
SUD EST,2026-09-20,12,260,0,1838,59
SUD EST,2026-09-20,13,241,2,1857,21
SUD EST,2026-09-20,14,236,0,1862,5
SUD EST,2026-09-20,15,201,0,1897,35
SUD EST,2026-09-20,16,200,3,1898,4
SUD EST,2026-09-20,17,191,0,1907,9
SUD EST,2026-09-20,18,206,16,1892,1
SUD EST,2026-09-20,19,209,10,1889,7
SUD EST,2026-09-20,20,222,24,1876,11
SUD EST,2026-09-21,10,400,27,1559,16
SUD EST,2026-09-21,11,417,58,1542,41
SUD EST,2026-09-21,12,227,53,1732,243
SUD EST,2026-09-21,13,225,19,1734,21
SUD EST,2026-09-21,14,206,16,1753,35
SUD EST,2026-09-21,15,186,0,1773,20
SUD EST,2026-09-21,16,197,12,1762,1
SUD EST,2026-09-21,17,190,17,1769,24
SUD EST,2026-09-21,18,191,19,1768,18
SUD EST,2026-09-21,19,191,8,1768,8
SUD EST,2026-09-21,20,172,3,1787,22
SUD EST,2026-09-21,21,160,10,1799,22
SUD EST,2026-09-22,11,714,105,1269,32
SUD EST,2026-09-22,12,381,9,1602,342
SUD EST,2026-09-22,13,413,69,1570,37
SUD EST,2026-09-22,14,336,0,1647,77
SUD EST,2026-09-22,15,326,37,1657,47
SUD EST,2026-09-22,16,326,3,1657,3
SUD EST,2026-09-22,17,352,33,1631,7
SUD EST,2026-09-22,18,319,3,1664,36
SUD EST,2026-09-22,19,299,3,1684,23
SUD EST,2026-09-22,20,309,48,1674,38
SUD EST,2026-09-22,21,301,9,1682,17
SUD EST,2026-09-22,22,324,31,1659,8
SUD EST,2026-09-23,12,432,25,1561,335
SUD EST,2026-09-23,13,406,24,1587,50
SUD EST,2026-09-23,14,394,31,1599,43
SUD EST,2026-09-23,15,390,21,1603,25
SUD EST,2026-09-23,16,364,3,1629,29
SUD EST,2026-09-23,17,358,0,1635,6
SUD EST,2026-09-23,18,324,6,1669,40
SUD EST,2026-09-23,19,375,54,1618,3
SUD EST,2026-09-23,20,374,10,1619,11
SUD EST,2026-09-23,21,376,6,1617,4
SUD EST,2026-09-23,22,334,6,1659,48
SUD EST,2026-09-23,23,328,0,1665,6
SUD EST,2026-09-24,13,312,27,1740,38
SUD EST,2026-09-24,14,295,28,1757,45
SUD EST,2026-09-24,15,261,16,1791,50
SUD EST,2026-09-24,16,251,0,1801,10
SUD EST,2026-09-24,17,244,3,1808,10
SUD EST,2026-09-24,18,250,19,1802,13
SUD EST,2026-09-24,19,229,3,1823,24
SUD EST,2026-09-24,20,272,55,1780,12
SUD EST,2026-09-24,21,241,23,1811,54
SUD EST,2026-09-24,22,232,3,1820,12
SUD EST,2026-09-24,23,283,60,1769,9
SUD EST,2026-09-24,24,249,0,1803,34
SUD EST,2026-09-25,14,272,30,1831,14
SUD EST,2026-09-25,15,235,5,1868,42
SUD EST,2026-09-25,16,264,35,1839,6
SUD EST,2026-09-25,17,240,1,1863,25
SUD EST,2026-09-25,18,225,0,1878,15
SUD EST,2026-09-25,19,232,11,1871,4
SUD EST,2026-09-25,20,214,2,1889,20
SUD EST,2026-09-25,21,228,34,1875,20
SUD EST,2026-09-25,22,218,5,1885,15
SUD EST,2026-09-25,23,204,20,1899,34
SUD EST,2026-09-25,24,230,33,1873,7
SUD EST,2026-09-25,25,174,10,1929,66
SUD EST,2026-09-26,15,275,38,1548,9
SUD EST,2026-09-26,16,268,6,1555,13
SUD EST,2026-09-26,17,245,16,1578,39
SUD EST,2026-09-26,18,245,0,1578,0
SUD EST,2026-09-26,19,260,36,1563,21
SUD EST,2026-09-26,20,259,3,1564,4
SUD EST,2026-09-26,21,215,17,1608,61
SUD EST,2026-09-26,22,220,10,1603,5
SUD EST,2026-09-26,23,210,1,1613,11
SUD EST,2026-09-26,24,242,36,1581,4
SUD EST,2026-09-26,25,231,4,1592,15
SUD EST,2026-09-26,26,221,1,1602,11
SUD EST,2026-09-27,16,213,3,1927,27
SUD EST,2026-09-27,17,179,23,1961,57
SUD EST,2026-09-27,18,197,44,1937,26
SUD EST,2026-09-27,19,215,24,1913,3
SUD EST,2026-09-27,20,226,13,1902,2
SUD EST,2026-09-27,21,198,5,1930,33
SUD EST,2026-09-27,22,225,29,1903,2
SUD EST,2026-09-27,23,214,0,1914,11
SUD EST,2026-09-27,24,188,8,1940,34
SUD EST,2026-09-27,25,176,0,1952,12
SUD EST,2026-09-27,26,216,48,1912,8
SUD EST,2026-09-27,27,205,10,1923,21
SUD EST,2026-09-28,17,161,3,1794,43
SUD EST,2026-09-28,18,129,6,1826,38
SUD EST,2026-09-28,19,176,58,1779,11
SUD EST,2026-09-28,20,204,40,1751,12
SUD EST,2026-09-28,21,184,12,1771,32
SUD EST,2026-09-28,22,189,15,1766,10
SUD EST,2026-09-28,23,215,35,1740,9
SUD EST,2026-09-28,24,195,4,1760,24
SUD EST,2026-09-28,25,190,0,1765,5
SUD EST,2026-09-28,26,176,0,1779,14
SUD EST,2026-09-28,27,162,10,1793,24
SUD EST,2026-09-28,28,170,10,1785,2
SUD EST,2026-09-29,18,330,18,1655,9
SUD EST,2026-09-29,19,289,9,1696,50
SUD EST,2026-09-29,20,280,15,1705,24
SUD EST,2026-09-29,21,288,27,1697,19
SUD EST,2026-09-29,22,266,3,1719,25
SUD EST,2026-09-29,23,265,0,1720,1
SUD EST,2026-09-29,24,271,6,1714,0
SUD EST,2026-09-29,25,312,51,1673,10
SUD EST,2026-09-29,26,285,6,1700,33
SUD EST,2026-09-29,27,278,10,1707,17
SUD EST,2026-09-29,28,292,21,1693,7
SUD EST,2026-09-29,29,285,0,1700,7
SUD EST,2026-09-30,19,299,1,1696,47
SUD EST,2026-09-30,20,356,60,1639,3
SUD EST,2026-09-30,21,328,6,1667,34
SUD EST,2026-09-30,22,314,31,1681,45
SUD EST,2026-09-30,23,300,49,1695,63
SUD EST,2026-09-30,24,260,0,1735,40
SUD EST,2026-09-30,25,298,39,1697,1
SUD EST,2026-09-30,26,296,9,1699,11
SUD EST,2026-09-30,27,281,0,1714,15
SUD EST,2026-09-30,28,302,21,1693,0
SUD EST,2026-09-30,29,309,34,1686,27
SUD EST,2026-09-30,30,0,0,1995,309
SUD EST,2026-10-01,20,305,36,1758,15
SUD EST,2026-10-01,21,290,17,1773,32
SUD EST,2026-10-01,22,297,27,1766,20
SUD EST,2026-10-01,23,318,23,1745,2
SUD EST,2026-10-01,24,301,4,1762,21
SUD EST,2026-10-01,25,301,0,1762,0
SUD EST,2026-10-01,26,307,6,1756,0
SUD EST,2026-10-01,27,322,17,1741,2
SUD EST,2026-10-01,28,328,20,1735,14
SUD EST,2026-10-01,29,374,54,1689,8
SUD EST,2026-10-01,30,7,0,2056,367
SUD EST,2026-10-02,21,153,2,1955,19
SUD EST,2026-10-02,22,213,78,1895,18
SUD EST,2026-10-02,23,155,3,1953,61
SUD EST,2026-10-02,24,150,21,1958,26
SUD EST,2026-10-02,25,145,0,1963,5
SUD EST,2026-10-02,26,138,23,1970,30
SUD EST,2026-10-02,27,109,0,1999,29
SUD EST,2026-10-02,28,166,60,1942,3
SUD EST,2026-10-02,29,172,11,1936,5
SUD EST,2026-10-02,30,7,0,2101,165
SUD EST,2026-10-03,22,277,49,1615,0
SUD EST,2026-10-03,23,268,34,1624,43
SUD EST,2026-10-03,24,322,98,1570,44
SUD EST,2026-10-03,25,264,20,1628,78
SUD EST,2026-10-03,26,260,12,1632,16
SUD EST,2026-10-03,27,276,23,1616,7
SUD EST,2026-10-03,28,326,58,1566,8
SUD EST,2026-10-03,29,352,39,1540,13
SUD EST,2026-10-03,30,3,0,1889,349
SUD EST,2026-10-04,23,222,7,1997,8
SUD EST,2026-10-04,24,194,22,2025,50
SUD EST,2026-10-04,25,180,10,2039,24
SUD EST,2026-10-04,26,183,3,2036,0
SUD EST,2026-10-04,27,203,39,2016,19
SUD EST,2026-10-04,28,202,0,2017,1
SUD EST,2026-10-04,29,207,6,2012,1
SUD EST,2026-10-04,30,0,0,2219,207
SUD EST,2026-10-05,24,213,21,1738,9
SUD EST,2026-10-05,25,216,19,1735,16
SUD EST,2026-10-05,26,209,24,1742,31
SUD EST,2026-10-05,27,248,52,1703,13
SUD EST,2026-10-05,28,267,37,1684,18
SUD EST,2026-10-05,29,252,19,1699,34
SUD EST,2026-10-05,30,7,0,1944,245
SUD EST,2026-10-06,25,473,83,1508,1
SUD EST,2026-10-06,26,470,25,1511,28
SUD EST,2026-10-06,27,504,38,1477,4
SUD EST,2026-10-06,28,533,45,1448,16
SUD EST,2026-10-06,29,534,7,1447,6
SUD EST,2026-10-06,30,0,0,1981,534
SUD EST,2026-10-07,26,451,69,1540,4
SUD EST,2026-10-07,27,402,3,1589,52
SUD EST,2026-10-07,28,411,18,1580,9
SUD EST,2026-10-07,29,407,6,1584,10
SUD EST,2026-10-07,30,0,0,1991,407
SUD EST,2026-10-08,27,308,15,1751,11
SUD EST,2026-10-08,28,299,12,1760,21
SUD EST,2026-10-08,29,345,80,1714,34
SUD EST,2026-10-08,30,7,0,2052,338
SUD EST,2026-10-09,28,201,4,1899,6
SUD EST,2026-10-09,29,216,19,1884,4
SUD EST,2026-10-09,30,7,7,2093,216
SUD EST,2026-10-10,29,342,18,1555,4
SUD EST,2026-10-10,30,7,0,1890,335
SUD EST,2026-10-11,30,0,0,2204,236
